PubChem ID, E(LUMO/PM6) [eV],n  [eV], DipoleMoment [D], IsotropicAverageAlpha [A.U.], AverageGamma [A.U.],NaasC,NaasN,NaaS,nBM,nDB,nN,nO,nCsp3,nCsp,nRCOOR,nRCO,nArCO,nN=C-N<,nRC=N,nRNH2,nArNH2,nRNHR,nArNHR,nRNR2,nArNR2,nArNO2,nROH,nArOH,nArOR,nPyrroles,nFuranes,nPyridines,nPyrazines,nR06, S1(CAS2-1+CIS) [eV], INDOS-OscStr(CAS2-1+CIS), CI-Coef**2(CAS2-1+CIS), DiradicalCharacter(PUHF)
101892,-0.86989,3.576265,0.665,160.81146,25341.60777,2,0,0,9,3,0,0,1,0,0,0,0,0,0,0,0,0,0,0,0,0,0,0,0,0,0,0,0,2,3.056419,0.177236,0.04429205,0.284534
10379,-1.73198,3.628875,4.01,176.6128,92598.39262,2,0,0,9,3,1,2,0,0,0,1,0,0,0,0,0,0,0,0,0,0,0,1,0,0,0,0,0,2,2.7532541,0.006745,0,0.109124
10465615,-1.8035,3.00558,6.741,218.76285,45413.57756,6,0,0,14,2,2,2,0,0,0,0,2,0,0,0,2,0,0,0,0,0,0,0,0,0,0,0,0,3,1.9358664,0.160863,0,0.223071
10680138,-1.08413,3.31992,2.851,201.93747,14785.38897,3,0,0,8,2,0,5,2,0,0,1,0,0,0,0,0,0,0,0,0,0,1,1,1,0,0,0,0,1,2.8954644,0.252236,0.06099201,0.358122
10750785,-1.98078,3.28466,1.599,208.12647,56645.03757,6,0,0,14,2,2,2,0,0,0,0,2,0,0,0,2,0,0,0,0,0,0,0,0,0,0,0,0,3,2.5808676,0.248549,0.04217283,0.498643
1095028,-1.11472,3.458975,4.647,177.00488,37557.41938,4,0,0,15,3,2,2,0,0,0,0,0,0,0,0,1,0,0,0,0,1,0,0,0,0,0,0,0,2,2.8236332,0.09649,0.02262001,0.149704
1095029,-1.10959,3.348005,4.443,167.85386,34082.00869,2,0,0,16,0,0,2,0,0,0,0,0,0,0,0,0,0,0,0,0,0,0,2,0,0,0,0,0,3,2.7473381,0.103226,0.02631739,0.160858
11020983,-1.65188,3.89734,5.537,193.70642,51513.6302,5,0,0,14,2,0,2,0,0,0,0,2,0,0,0,0,0,0,0,0,0,0,0,0,0,0,0,0,3,3.5100387,0.532884,0.00652612,0.077235
11147991,-1.59508,3.408165,3.823,156.03885,26523.96628,3,0,0,8,2,2,3,1,0,0,0,0,0,0,0,1,0,0,0,0,1,1,0,0,0,0,0,0,1,2.4137002,0.182784,0.01850776,0.315883
11195803,-2.19432,3.35088,4.643,187.43724,82881.73317,0,0,0,3,3,1,3,4,0,0,0,0,0,0,0,0,0,0,0,0,0,1,0,0,0,0,0,0,1,2.576337,0.117474,0.02374127,0.205665
11352,-1.13119,3.60297,3.879,178.11646,38648.39746,0,0,0,3,3,1,3,2,0,0,0,0,0,0,0,0,0,0,0,0,0,1,0,0,0,0,0,0,1,3.5874652,0.159489,0.01142615,0.139248
11353,-1.11173,3.5042,1.116,179.75249,40818.1792,2,0,0,16,0,3,0,0,0,0,0,0,0,0,0,2,0,0,0,0,0,0,0,0,0,0,1,0,3,3.4856072,0.147552,0.010853,0.137527
11966259,-0.8696,3.978615,2.492,168.32403,28180.92367,2,1,0,15,0,5,0,2,0,0,0,0,0,0,0,1,0,0,0,0,0,0,0,0,0,0,0,1,2,4.0631517,0.006951,0.01567141,0.075461
121004,-0.91555,3.642425,5.497,214.85677,37510.0782,1,0,1,10,0,3,0,0,0,0,0,0,0,0,0,1,0,0,0,0,0,0,0,0,0,0,0,0,1,3.7384733,0.202471,0.01829064,0.137036
1213077,-0.87873,3.65273,2.299,212.12431,77207.48982,3,0,0,10,4,3,4,4,0,0,0,0,0,0,0,0,0,0,0,1,2,0,0,0,0,0,0,0,1,3.5106137,0.242778,0,0.064941
1224201,-1.15443,3.77388,6.752,192.6814,30025.64514,2,0,0,13,2,2,2,0,0,0,1,0,0,0,1,0,0,0,0,0,0,0,0,0,0,0,0,0,3,2.2793257,0.007617,0,0.072131
12275330,-1.82622,3.87961,7.979,191.37214,51743.75221,6,0,0,14,2,2,2,0,0,0,0,2,0,0,0,2,0,0,0,0,0,0,0,0,0,0,0,0,3,3.5340215,0.558133,0.0100561,0.085962
12586187,-1.21434,3.4492,0.52,159.76148,14911.74907,4,0,0,14,2,2,2,0,0,0,0,0,0,0,0,1,0,0,0,0,1,0,0,0,0,0,0,0,2,3.0822043,0.294583,0.06132198,0.38695
130624,-0.7224,3.61729,3.006,196.84608,16631.5023,1,0,0,17,0,2,0,0,1,0,0,0,0,0,0,0,0,0,0,0,0,0,0,0,0,0,1,0,3,2.0510137,0.016433,0.08773612,0.385602
13287597,-1.4874,3.147145,0.759,224.24402,49918.33503,3,1,0,15,4,4,4,0,0,0,0,0,0,0,0,0,0,0,0,0,2,0,0,0,0,0,0,0,1,2.7453739,0.246401,0.06414807,0.424779
136238,-1.2654,3.415475,0.683,193.97767,27552.51406,2,0,0,8,2,0,0,1,0,0,0,0,0,0,0,0,0,0,0,0,0,0,0,0,0,0,0,0,2,3.2816396,0.212366,0.03243629,0.19843
136611,-0.81859,3.991655,0.477,134.75549,8469.31062,1,0,0,10,4,3,4,1,0,0,0,0,0,0,0,0,1,0,0,0,0,1,0,0,0,0,0,0,2,1.9928053,0.001099,0,0.1096
139143,-1.35896,3.495455,2.969,177.57193,25009.86613,0,0,0,4,4,4,2,4,0,0,0,0,0,0,0,0,0,0,0,0,0,0,0,0,0,0,0,0,1,2.6337799,0,0.04720188,0.254885
140252,-0.75734,3.77577,0.434,220.82026,24491.30687,4,0,0,9,3,2,5,0,0,0,0,0,0,0,0,1,0,0,0,0,1,1,1,0,0,0,0,0,1,2.0492022,0.033178,0,0.217161
140677,-1.17816,3.830925,4.214,186.68922,38914.57238,2,0,0,10,4,0,2,1,0,0,2,0,0,0,0,0,0,0,0,0,0,0,0,0,0,0,0,0,2,2.8051647,0.000295,0,0.115056
141321,-1.50723,3.58375,1.085,185.40445,36138.36519,0,0,0,4,4,0,4,0,0,0,1,0,0,0,0,0,0,0,0,0,0,3,0,0,0,0,0,0,0,2.5111601,2E-06,0.0454915,0.265143
142316,-0.69043,3.95854,1.883,188.4757,15885.63613,0,0,0,3,3,0,1,6,0,0,0,0,0,0,0,0,0,0,0,0,0,0,0,0,0,0,0,0,0,2.3813736,0.057734,0.00689764,0.217233
143380,-0.74101,3.931805,1.092,144.52515,8615.78919,4,0,0,9,3,1,4,4,0,0,0,0,0,0,0,0,0,0,0,0,0,0,0,2,0,0,0,0,1,2.1088484,0.005644,0,0.129682
143466,-1.15016,3.35702,1.586,209.06955,22576.61495,0,0,0,20,0,0,1,0,0,0,0,0,0,0,0,0,0,0,0,0,0,0,0,0,0,0,0,0,3,3.1991447,0.215323,0.03329179,0.205161
143532,-0.13272,3.97745,1.244,200.8229,14835.34827,0,0,0,16,0,0,0,0,0,0,0,0,0,0,0,0,0,0,0,0,0,0,0,0,0,0,0,0,3,2.1442674,0.013961,0.00935258,0.150867
145625,-0.47642,4.03455,1.19,123.26438,5903.35217,0,0,0,4,4,1,3,5,0,0,2,0,0,0,0,0,0,0,1,0,0,1,0,0,0,0,0,0,1,3.9434643,0.268932,0.03425423,0.155504
146268,-1.6379,3.696685,7.386,194.56554,417850.9664,0,0,0,4,4,1,3,4,0,0,2,0,0,0,0,0,0,0,1,0,0,1,0,0,0,0,0,0,1,2.8993631,0.570098,0,0.089043
146301,-1.2941,3.417025,0.003,188.77669,50679.06534,0,1,0,20,0,1,0,1,0,0,0,0,0,0,0,0,0,0,0,0,0,0,0,0,0,0,1,0,3,3.2186257,0.110618,0,0.160558
146491,-1.209,3.4237,2.395,148.88745,22968.12992,0,0,0,5,5,0,0,4,0,0,0,0,0,0,0,0,0,0,0,0,0,0,0,0,0,0,0,0,0,2.5578509,0.231486,0.04368577,0.322379
146720,-1.06261,3.49388,3.758,193.71546,64477.87867,2,0,0,8,2,1,3,3,0,1,0,0,0,0,0,0,0,0,0,0,0,0,0,0,0,0,0,0,1,3.4753334,0.139449,0.01274336,0.133962
147195,-1.21398,3.509385,3.765,192.0009,67492.25607,0,0,0,4,4,0,0,2,0,0,0,0,0,0,0,0,0,0,0,0,0,0,0,0,0,0,0,0,0,3.2404904,0.102205,0,0.149243
147442,-2.10058,3.38612,3.036,197.21467,44486.72495,1,0,0,16,0,0,0,1,0,0,0,0,0,0,0,0,0,0,0,0,0,0,0,0,0,0,0,0,3,2.5481517,0.255284,0,0.266425
147450,-1.17802,3.434225,2.802,220.22911,76897.87975,0,0,0,2,2,0,0,6,0,0,0,0,0,0,0,0,0,0,0,0,0,0,0,0,0,0,0,0,2,3.2487228,0.12055,0,0.148925
14809009,-0.53243,3.942715,1.306,181.09249,80367.17508,2,0,0,16,0,4,0,0,0,0,0,0,0,0,0,2,0,0,0,0,0,0,0,0,0,0,0,1,3,3.7779284,0.894622,0.01590069,0.084859
149182,-0.26953,3.57516,5.166,222.5255,84396.26645,2,0,0,11,5,2,3,1,0,0,0,0,0,0,0,0,0,0,0,0,0,0,0,0,0,0,0,0,3,2.8334273,0.22428,0.02172314,0.142511
149184,-1.26163,3.492005,4.194,187.90238,45670.9987,4,0,0,16,0,4,0,2,0,0,0,0,0,0,0,2,0,0,0,0,0,0,0,0,0,0,0,1,3,3.2559302,0.162411,0,0.163523
149633,-1.50768,3.65626,7.318,214.54769,117017.6518,4,0,1,12,2,4,2,0,0,0,0,0,0,0,0,1,0,0,0,0,1,0,0,0,1,0,0,0,0,2.9172077,0.003945,0.01831455,0.184512
1511466,-1.62331,3.60039,3.027,170.57039,662749.9571,2,0,0,10,4,2,0,2,0,0,0,0,0,0,0,0,0,1,1,0,0,0,0,0,0,0,0,0,3,3.2649769,0.116723,0.02264811,0.11546
152522,-0.98375,3.49352,3.051,195.84711,68985.69374,1,0,0,17,2,2,2,0,0,0,0,0,0,0,0,0,0,0,0,0,1,0,0,0,1,0,0,0,2,3.4522579,0.134909,0.01226311,0.133836
154591,-0.86709,3.938165,3.786,173.57035,35266.60713,2,1,0,7,2,5,2,3,0,0,0,0,0,0,0,0,0,1,0,0,0,0,0,0,0,0,0,0,0,3.4825293,0.115944,0,0.056517
155464,-1.20406,3.50643,2.691,187.84564,50531.31595,0,0,0,7,7,0,2,3,0,0,1,0,0,0,0,0,0,0,0,0,0,0,0,0,0,0,0,0,3,3.6168818,0.041541,0.01935113,0.134659
157253,-1.4005,3.68775,9.098,215.16534,72538.71523,4,0,0,14,3,3,3,0,0,0,0,0,1,0,0,0,0,0,0,0,1,0,0,0,0,1,0,0,1,3.0273882,0.427217,0.01916953,0.168
167432,-1.11963,3.72408,3.519,182.6706,27038.06903,2,0,0,10,4,0,2,1,0,0,2,0,0,0,0,0,0,0,0,0,0,0,0,0,0,0,0,0,2,2.1421081,0.030629,0.03059414,0.24572
17172,-0.97715,3.49364,6.262,245.75629,119594.0288,3,0,0,15,4,2,5,0,0,0,0,0,0,0,0,0,0,0,0,0,2,0,1,0,0,0,0,0,2,3.1992896,0.79338,0.02433319,0.20961
174070,-1.63076,4.123945,7.669,194.70266,20104.30141,3,0,0,14,3,0,3,1,0,0,0,2,0,0,0,0,0,0,0,0,0,0,0,1,0,0,0,0,3,3.0056754,7.1E-05,0,0.050283
178018,-1.37103,3.586435,3.398,206.95471,26087.49302,2,0,0,14,3,0,3,1,0,0,0,1,0,0,0,0,0,0,0,0,0,1,0,0,0,0,0,0,2,3.6568485,0.430339,0.02524717,0.175129
17844512,-2.66927,3.743555,5.835,187.66826,28885.78531,3,0,0,11,0,5,0,3,0,0,0,0,0,0,0,2,0,0,0,0,0,0,0,0,0,0,1,0,2,2.6679683,0.102303,0.01899741,0.230958
178999,-1.98841,3.49726,11.048,214.78901,22047.65238,0,0,0,5,5,2,2,3,0,0,1,0,0,0,0,0,0,0,1,0,0,0,0,0,0,0,0,0,0,2.8931026,0.146441,0,0.057553
17900775,-0.66918,3.21729,3.478,231.5303,71762.12799,2,0,0,8,2,5,0,2,0,0,0,0,0,0,0,0,0,0,0,1,0,0,0,0,0,0,0,0,1,2.4323317,0.244293,0.04790399,0.315189
1797957,-0.66705,3.648855,1.748,191.74681,38583.50847,2,0,0,8,2,2,2,1,0,0,0,0,0,0,0,0,0,1,0,0,1,0,0,0,0,0,0,0,1,3.6874182,0.196508,0,0.057744
17984059,-1.18386,4.16768,5.269,168.64504,55405.64814,4,0,0,16,0,0,3,1,0,0,0,0,0,0,0,0,0,0,0,0,0,0,3,0,0,0,0,0,3,3.9731422,0.041064,0.00736726,0.062481
17985985,-0.74947,3.759495,0.202,104.56881,16131.87883,2,0,0,8,2,2,2,4,0,0,0,0,0,0,0,0,0,0,0,1,1,0,0,0,0,0,0,0,1,2.9170706,0.043715,0.11009433,0.439184
180896,-1.87051,3.743785,4.585,183.26959,23322.6471,1,0,0,12,6,0,1,0,0,0,0,0,0,0,0,0,0,0,0,0,0,0,0,0,0,0,0,0,1,2.9210795,0.046279,0.01009341,0.106936
181408,-1.2302,3.898675,5.204,189.71025,28927.52288,2,0,1,17,1,1,0,0,0,0,0,0,0,0,0,0,0,0,0,0,0,0,0,0,0,0,0,0,2,3.128653,0.157221,0.01369683,0.099013
18539628,-1.2015,3.34013,1.515,189.49652,32168.54713,3,0,0,14,3,1,5,0,0,0,0,0,0,0,0,0,0,0,0,0,1,0,0,0,0,1,0,0,1,3.0056217,0.279571,0.04669194,0.277324
18616864,-1.82067,3.390775,2.595,143.33224,34492.4598,5,0,0,12,0,5,0,2,2,0,0,0,0,0,0,1,0,0,0,0,0,0,0,0,0,0,1,0,1,3.0207261,0.074171,0,0.155533
186694,-2.65736,3.67598,5.729,159.96548,34707.96451,4,0,0,10,4,3,5,1,0,0,0,0,0,0,0,1,0,0,0,0,2,0,0,1,0,0,0,0,1,2.9692116,0.007365,0,0.154063
18679144,-2.79641,3.39678,2.706,156.88744,43780.91365,5,0,0,15,3,2,3,0,0,0,0,1,0,0,0,0,0,1,0,0,1,0,0,0,0,0,0,0,3,2.2572808,0.000872,0,0.125879
18761438,-2.06282,3.68163,5.572,147.36886,17345.05887,0,0,0,4,4,3,4,2,0,0,1,0,0,1,0,0,0,0,0,0,0,1,0,0,0,0,0,0,1,2.4857604,0.075672,0.02004473,0.24158
18865,-1.02442,3.46769,2.046,198.23638,87101.11403,3,0,0,13,1,1,1,3,0,0,0,1,0,0,0,0,0,0,0,1,0,0,0,0,0,0,0,0,2,3.4084117,0.213237,0.01137824,0.124464
18944,-1.71086,3.85322,2.949,183.54313,144101.2871,5,0,0,13,1,3,0,0,0,0,0,0,0,0,0,1,0,0,0,0,0,0,0,0,0,0,0,0,2,3.0012363,0.001952,0,0.093763
18970466,-2.0869,3.547065,9.698,142.37415,25309.15657,2,0,0,9,3,1,4,1,0,0,0,1,0,0,0,0,0,0,0,0,0,1,0,0,0,0,0,0,1,2.6096423,5.7E-05,0,0.156938
18977637,-0.88051,3.33799,1.029,237.63291,42860.18714,4,0,0,10,4,2,5,2,0,0,0,0,0,0,0,0,0,0,0,0,1,1,0,0,0,0,0,0,1,2.8966364,0.259748,0.06271363,0.405161
18977681,-0.88524,3.28604,0.005,209.71308,12777.75392,3,0,0,14,3,3,3,0,0,0,0,0,0,0,0,0,0,0,0,0,1,0,0,0,0,1,0,0,1,2.7342424,0.434186,0.05619168,0.411871
189829,-1.03081,3.91745,7.009,255.97099,153619.2736,0,0,0,2,2,0,2,1,0,0,1,0,0,0,0,0,0,0,0,0,0,0,0,0,0,0,0,0,0,3.3531619,0.002617,0,0.091541
19104607,-2.20951,3.496775,5.685,187.32458,68020.21633,2,0,0,8,2,2,2,2,0,1,0,0,0,0,0,0,0,0,0,1,0,0,0,0,0,0,0,0,1,2.4544836,0.165792,0.01782987,0.284657
193287,-1.12024,3.446465,1.75,176.66764,40361.57737,3,0,0,11,0,5,0,1,0,0,0,0,0,0,0,2,0,0,0,0,0,0,0,0,0,0,1,1,2,2.6641821,0.058547,0.01749623,0.251364
19352903,-1.20136,3.04531,1.372,218.26653,44920.05745,2,0,0,9,3,2,3,1,0,0,0,2,0,0,1,0,0,0,0,0,0,0,0,0,0,0,1,0,2,1.9641745,0.075696,0.04828843,0.357805
19356142,-1.16641,3.15506,4.647,222.83713,47173.84228,2,0,0,9,3,2,3,1,0,0,0,2,0,0,1,0,0,0,0,0,0,0,0,0,0,0,1,0,2,2.4761088,0.136393,0.01380883,0.134877
19356865,-2.48066,3.50445,6.848,169.81612,35585.05859,1,0,0,10,0,6,0,0,0,0,0,0,0,0,0,0,0,0,0,0,0,0,0,0,0,0,0,0,1,2.4464059,0.114269,0,0.180133
193908,-1.34879,3.57516,6.747,200.15263,95608.88361,0,0,0,4,4,3,2,0,0,0,0,0,0,0,0,0,0,0,0,0,0,1,0,0,0,0,0,0,1,3.0337716,0.819995,0.01100998,0.19925
194753,-1.08018,4.07829,4.78,196.99163,54731.25911,1,0,0,10,4,2,3,0,0,0,0,0,0,0,0,0,0,0,0,0,0,1,0,0,0,0,0,0,1,3.4929707,0.000486,0,0.054924
19748605,-0.91925,3.31174,3.168,209.79379,18690.8555,6,0,0,13,1,2,1,0,0,0,0,1,0,0,0,2,0,0,0,0,0,0,0,0,0,0,0,0,2,2.2981639,0.077803,0.03804154,0.276252
19782482,-1.73354,3.415065,4.23,170.27626,32567.4146,3,0,0,9,3,5,3,2,0,0,0,0,0,1,0,0,0,1,0,0,0,1,0,0,0,0,0,0,2,1.8704315,0.038219,0.07066021,0.368744
19800220,-2.48123,3.533835,7.515,181.61127,67305.18515,4,0,0,12,1,1,2,4,0,0,0,0,0,0,0,0,0,0,0,0,0,1,0,0,0,0,0,0,3,2.5500846,0.211276,0.01322203,0.264579
19844541,-1.88749,3.621625,9.061,121.86694,21051.11249,4,0,0,14,2,3,1,0,0,0,0,0,0,0,0,1,0,0,0,0,0,0,0,0,0,0,0,0,3,2.4207503,0.067726,0,0.185001
19958892,-0.71756,3.361555,2.265,191.13501,54558.59833,1,0,0,10,4,2,1,0,0,0,1,0,0,0,0,0,0,0,0,0,0,0,0,0,0,0,0,0,1,2.9974908,0.162343,0.01434123,0.154403
19988613,-2.12442,3.30343,5.416,194.26287,204349.5776,3,0,0,11,0,5,0,1,0,0,0,0,0,0,0,2,0,0,0,0,0,0,0,0,0,0,1,1,2,3.0881924,0.271286,0,0.123661
19996716,-0.94236,3.5096,2.603,217.16162,36336.22135,4,1,0,12,2,5,3,1,0,0,0,0,0,0,0,1,0,0,0,0,1,0,0,0,0,1,0,0,0,2.1866931,0.008187,0,0.051036
20031092,-1.83202,3.32925,5.052,185.29149,168055.9333,1,1,0,14,4,1,2,1,0,0,2,0,0,0,0,0,0,0,0,0,0,0,0,0,1,0,0,0,2,2.1316937,0.029863,0,0.301692
20063929,-1.97769,3.740645,4.616,162.84872,15633.10881,2,0,0,8,2,1,3,3,0,0,0,2,0,0,0,0,0,0,1,0,0,0,0,0,0,0,0,0,2,2.5531227,0.073062,0.02033566,0.235683
20067061,-2.55975,3.5759,6.201,169.32273,42682.32953,2,1,0,11,1,6,1,2,0,0,0,0,0,0,0,1,0,0,0,0,0,0,0,0,0,0,0,0,1,2.8552446,0.129003,0,0.179247
20067246,-2.15413,3.727385,6.072,132.13548,14107.19715,3,0,0,17,0,2,1,0,0,0,0,0,0,0,0,0,0,1,0,0,0,0,1,0,0,0,1,0,3,2.6295053,0.066789,0.02231961,0.239032
20141772,-2.19436,3.238245,5.815,176.7965,40195.91712,3,0,0,9,3,2,3,2,0,0,0,2,0,0,1,0,0,0,0,0,0,0,0,0,0,0,1,0,2,2.683716,0.351435,0.01502395,0.279612
20199652,-2.14419,3.718495,6.193,177.07846,25822.62262,2,0,0,10,0,6,0,0,0,0,0,0,0,0,0,2,0,0,0,0,0,0,0,0,0,0,1,0,1,2.6814455,0.083735,0,0.222426
20221375,-0.33055,3.01252,3.018,234.45251,-4566.56122,2,0,0,9,3,1,3,1,0,1,0,1,0,0,0,0,0,0,0,0,0,0,0,0,0,0,0,0,1,2.1549477,0.160316,0.05850324,0.326953
20265822,-1.16677,3.49555,3.011,133.27813,20759.14267,2,0,0,14,2,6,0,0,0,0,0,0,2,0,0,0,0,0,0,0,0,0,0,0,0,0,2,0,3,1.8526237,0.000845,0,0.091173
20266026,-2.79499,3.36886,6.63,218.15594,17658.6934,2,0,0,7,1,5,1,0,0,0,0,0,0,0,0,0,0,0,0,0,0,0,0,0,0,0,1,0,1,2.3707873,0.000477,0.03597967,0.334018
20298306,-1.00424,3.41715,0.393,177.61362,35532.23227,3,0,0,9,3,1,2,0,0,0,0,2,0,0,0,1,0,0,0,0,0,0,0,0,0,0,0,0,2,2.7292325,0.177866,0.05836034,0.281083
20303032,-1.72048,3.513805,4.261,177.80854,22585.33883,2,0,0,9,3,2,4,2,0,1,0,0,0,0,0,0,0,1,0,0,1,0,0,0,0,0,0,0,1,2.8566405,0.134349,0.09939189,0.353813
20346208,-0.81892,3.36942,3.089,185.33398,44679.33847,1,0,0,11,0,4,0,0,0,0,0,0,0,0,0,0,0,0,0,0,0,0,0,0,0,0,0,1,2,2.6027604,0.175063,0.0576001,0.294205
20450517,-1.53938,3.257355,3.116,201.46311,24411.33995,4,0,0,15,3,2,2,1,0,0,0,0,0,0,0,0,0,0,0,0,1,0,0,0,0,0,0,0,2,2.6990698,0.310932,0.05518024,0.367458
20454050,-0.90994,3.930555,4.284,179.7161,24247.2895,1,0,0,8,2,1,2,4,0,0,0,1,0,0,0,0,0,0,0,0,0,0,0,0,0,0,0,0,2,3.3269986,0.05816,0.01130787,0.118603
20483354,-2.02328,3.58002,4.629,176.12434,16637.56152,2,0,1,8,3,4,2,2,0,0,0,0,0,0,0,0,0,0,1,0,1,0,0,0,0,0,0,0,0,2.563496,0.075162,0.02046736,0.235197
20490778,-2.57655,3.463105,8.713,151.258,25138.52222,3,0,0,8,2,3,2,1,0,0,0,0,0,0,0,1,0,0,0,0,1,0,0,0,0,0,1,0,1,2.4512457,0.0997,0,0.173702
20563349,-1.72952,3.09925,3.663,217.13576,13999.97262,4,0,0,16,0,5,0,1,0,0,0,0,0,0,0,3,0,0,0,0,0,0,0,0,0,0,0,1,3,2.3917165,0.411727,0.04891195,0.391175
20587056,-0.64127,3.001425,0.944,218.18087,-1897.99189,2,0,0,16,0,4,0,0,0,0,0,0,0,0,0,0,0,1,0,0,0,0,0,0,0,0,0,1,2,2.435333,0.218906,0.06860717,0.312913
20768560,-1.44056,3.13008,5.084,206.93041,123586.4533,1,0,0,7,1,2,3,2,0,0,1,0,0,0,0,0,0,0,0,0,0,0,0,0,0,0,0,0,1,2.0044773,0.035397,0,0.350321
21082,-0.94775,3.43303,0.028,189.10563,19275.46737,1,0,0,18,2,2,2,1,0,0,0,0,0,0,0,0,0,0,0,0,0,0,0,0,0,0,1,0,3,3.6109865,0.101959,0.02713386,0.149367
21087837,-1.38527,3.38447,1.77,236.90836,45283.71282,2,0,0,6,0,2,2,6,0,0,0,0,0,0,0,0,0,0,0,0,0,0,0,0,0,0,0,0,3,2.7116508,0.135258,0.01706882,0.250722
21111619,-0.88332,3.64381,4.961,139.67741,14039.49216,3,0,0,8,2,5,1,3,0,0,0,0,0,1,0,0,0,1,0,0,0,0,0,0,0,0,0,0,2,2.4087499,0.034697,0.0049624,0.121566
21115849,-1.06893,3.48362,2.154,199.41734,37301.08918,4,0,0,8,2,2,4,4,1,1,0,0,0,0,0,0,0,0,0,0,0,0,0,0,0,1,0,0,0,2.2687602,0.03412,0,0.231329
21127596,-1.63991,3.23927,1.932,240.84392,-42342.92975,4,0,0,12,1,6,1,2,0,0,0,1,0,0,0,2,0,0,0,0,0,0,0,0,0,0,0,1,2,2.3086589,0.120105,0.04286008,0.310059
21158682,-1.51728,3.249685,4.138,198.02919,81151.23814,3,0,0,11,0,6,1,2,0,0,0,0,0,0,0,2,0,0,0,0,0,0,0,0,0,0,0,1,2,2.6241098,0.082857,0.00332597,0.197463
21158684,-1.50371,3.35351,4.541,184.2014,64411.81677,0,0,0,5,5,0,2,0,0,1,0,0,0,0,0,0,0,0,0,0,0,0,0,0,0,0,0,0,0,2.784763,0.102746,0.01394945,0.18963
21179175,-0.4853,2.996795,3.084,208.07063,-7730.67736,2,0,0,14,2,2,0,1,0,0,0,0,0,0,0,0,0,0,0,0,0,0,0,0,0,0,0,0,2,2.2270805,0.162361,0.06416686,0.320551
21276161,-1.58897,3.449485,2.205,135.40424,26364.34234,2,0,0,8,2,2,2,1,2,0,0,0,0,0,0,0,0,0,0,0,0,1,0,0,0,0,0,0,1,2.5479382,0.098496,0.01993674,0.230723
21402,-0.71936,3.327905,1.779,214.57138,28533.75484,0,0,0,3,3,3,2,2,0,0,0,0,0,0,0,0,2,0,0,0,0,0,0,0,0,0,0,0,1,3.436476,0.189834,0.02391304,0.158664
21407026,-1.59479,3.200105,0.704,238.56141,46979.43168,3,0,0,9,3,3,1,0,0,0,1,0,0,0,0,2,0,0,0,0,0,0,0,0,0,0,0,0,2,2.2875643,0.131005,0.02786254,0.241196
21530174,-2.04572,3.41395,7.929,132.13932,28635.52627,3,0,0,12,0,4,0,1,0,0,0,0,0,0,0,1,0,1,0,0,0,0,0,0,0,0,2,0,2,2.2354087,0.235033,0,0.359973
21537434,-1.76861,3.989405,6.756,167.8998,59579.38968,2,1,0,12,7,2,2,0,0,0,0,1,0,0,0,0,1,0,0,0,0,0,0,0,1,0,0,0,3,3.0651437,0.00025,0,0.050484
21623218,-1.70167,3.349445,6.627,193.25151,28665.1902,2,0,0,16,0,3,0,0,0,0,0,0,0,0,0,0,0,0,0,0,0,0,0,0,1,0,0,1,2,2.3984324,0.424364,0.04709837,0.453763
21651082,-1.53909,3.61248,2.386,180.46407,57055.97385,0,0,0,3,3,3,1,1,0,0,0,0,1,0,0,0,0,0,0,0,0,0,0,0,0,0,0,0,1,3.0500073,6E-06,0,0.056695
21709739,-1.75314,3.3049,2.854,185.59811,68724.67968,3,0,0,15,3,1,1,0,0,0,0,1,0,0,0,0,0,0,0,0,0,0,0,0,0,0,0,0,3,2.5257901,0.228709,0.0160552,0.251726
21809444,-0.63438,3.26899,2.255,202.09598,15717.87494,3,0,0,8,2,2,3,3,0,0,0,0,0,0,0,0,0,0,0,1,1,0,0,1,0,0,0,0,1,2.3941931,0.05297,0.06054155,0.326119
21886792,-1.28332,3.04595,2.009,270.02279,92210.90493,4,0,0,11,0,6,0,4,0,0,0,0,0,0,0,2,0,0,0,0,0,0,0,0,0,0,0,1,3,2.5203824,0.480515,0.04360506,0.353587
21886798,-1.89362,3.160415,3.513,217.59931,-9271.06467,2,0,1,10,0,3,0,1,0,0,0,0,0,0,0,1,0,0,0,0,0,0,0,0,0,0,0,0,1,2.0893565,0.165682,0.0199466,0.329729
21886994,-1.07265,3.49576,1.284,217.83465,92476.7729,1,1,0,14,4,4,1,0,0,0,0,0,1,0,0,0,0,0,0,0,0,0,0,0,0,0,0,0,3,2.8036065,0.155397,0.00888639,0.206477
21887267,-1.8969,3.522365,3.231,215.91212,61093.40355,6,0,0,8,2,0,6,3,0,0,0,0,0,0,0,0,0,0,0,0,0,0,0,4,0,0,0,0,1,1.5880794,0.003709,0,0.221911
21887273,-1.90603,3.3448,1.715,226.32014,32321.81289,2,0,0,9,3,5,1,1,0,0,0,0,0,0,0,0,0,0,0,1,0,0,0,0,0,0,1,0,3,2.4696338,0.047313,0.0126512,0.261636
21887337,-2.15639,3.14201,1.684,237.45841,-14201.97898,1,1,0,10,0,5,2,3,0,0,0,0,0,0,0,1,0,0,0,0,0,2,0,0,0,0,0,0,1,2.2286336,0.241965,0.03029763,0.41314
21887704,-1.94041,3.17923,5.032,215.41839,9133.24846,3,0,0,9,3,2,2,0,0,0,0,0,0,0,0,1,0,0,0,0,1,0,0,0,0,0,0,0,1,2.1278152,0.122349,0.0020746,0.295479
21887933,-1.32813,3.39017,1.353,184.34043,12119.49158,4,0,0,13,1,1,2,1,0,0,0,1,0,0,0,0,0,0,0,0,0,0,0,0,0,0,0,0,2,2.592729,0.07444,0.0060566,0.065546
21986279,-1.99403,3.74947,5.65,133.54029,10870.20669,3,0,0,13,2,1,2,0,0,0,0,1,0,1,0,0,0,0,0,0,0,0,0,0,0,1,0,0,1,2.5747561,0.068369,0.02080422,0.233945
22100319,-1.79735,3.563615,6.353,174.5901,25020.12672,3,0,0,13,1,2,1,1,0,0,0,0,0,0,0,0,0,0,0,0,0,0,0,0,0,0,0,0,3,2.6073226,0.20056,0.02156008,0.285389
221502,-1.11828,3.46266,4.375,208.89399,61721.98983,3,0,0,9,3,0,5,2,0,0,0,1,0,0,0,0,0,0,0,0,0,1,0,2,0,0,0,0,1,3.53309,0.062232,0.01857098,0.131454
2218337,-0.54794,3.93364,1.3,153.10951,7620.20181,2,0,0,9,3,1,1,1,0,0,0,0,0,0,0,0,0,0,0,0,0,1,0,0,0,0,0,0,1,2.7429336,0.001551,0.08567355,0.253314
22294701,-1.72073,3.27602,5.416,216.80481,24484.19444,1,0,0,16,0,4,0,0,0,0,0,0,0,0,0,1,0,0,0,0,0,0,0,0,0,0,1,1,3,2.1945256,0.258128,0.02717636,0.33732
22311913,-2.27249,3.432405,6.961,115.17079,15869.05754,4,1,0,17,1,2,2,0,0,0,0,0,0,0,0,0,0,0,0,0,0,0,1,0,0,0,0,0,2,2.5022956,0.094063,0,0.20561
223853,-1.17612,3.75115,4.314,275.61118,541504.1357,6,0,0,13,1,4,1,0,0,0,0,1,0,0,0,0,0,0,0,0,0,0,0,0,0,0,1,0,3,3.5174157,1.883479,0,0.161877
224502,-1.27306,4.06502,0.937,180.19705,46747.08475,3,0,1,12,1,4,0,1,0,0,0,0,0,0,0,0,0,0,0,0,0,0,0,0,0,0,0,1,1,3.4900715,0.09522,0,0.062515
22491692,-3.19862,3.525985,2.461,123.16189,39529.67737,2,0,0,15,0,5,1,1,0,0,0,0,0,0,0,1,0,0,0,0,0,0,0,1,0,0,0,1,2,2.334037,0.13692,0,0.122424
22497284,-1.66944,2.958515,4.152,240.12166,4246.19691,2,0,0,15,0,5,0,1,0,0,0,0,0,0,0,1,0,0,0,0,0,0,0,0,0,0,0,1,2,1.5286645,0.085921,0.03344474,0.426914
227197,-1.16368,3.88344,2.651,210.56561,123400.1522,3,0,0,9,3,1,2,1,0,0,1,0,0,0,0,0,0,0,0,0,0,0,1,0,0,0,0,0,2,2.8843467,0.00011,0,0.070173
228615,-1.75969,3.19758,0.004,192.47634,-16189.05001,0,0,0,4,4,4,0,3,0,0,0,0,0,0,0,0,0,0,0,0,0,0,0,0,0,0,0,0,1,2.4032666,4E-06,0.11845792,0.408767
22998837,-0.65942,3.676775,1.877,120.97228,19626.92537,2,0,0,9,3,5,0,1,0,0,0,0,1,0,2,0,0,0,0,1,0,0,0,0,0,0,0,0,2,2.9135759,0.040375,0.0109475,0.08449
23219122,-1.46169,3.82621,2.548,196.84891,53830.51521,0,0,0,5,5,2,2,1,0,0,0,0,0,0,0,0,0,0,0,0,0,0,0,0,0,0,0,0,0,2.4704785,0.022109,0,0.336642
23282440,-1.16687,3.403645,2.338,165.98441,3424.53138,0,0,0,5,4,2,0,2,1,0,0,0,0,0,0,0,0,0,1,0,0,0,0,0,0,0,0,0,2,2.3620432,0.093058,0.02925644,0.184057
23287913,-3.43736,3.52826,2.641,104.15545,9404.01626,1,0,0,9,3,2,2,1,0,0,0,0,0,0,0,0,0,0,0,1,0,0,0,0,0,0,0,0,2,1.7506497,0.000109,0,0.340565
23323007,-2.40428,3.364195,6.584,147.23516,12819.39842,3,0,0,9,3,5,0,2,0,0,0,0,1,0,1,0,0,0,0,0,0,0,0,0,0,0,1,0,3,2.4607811,0.232718,0.04002866,0.287953
235336,-2.01751,3.661565,7.516,185.39843,65222.00405,2,0,0,8,2,2,0,2,0,0,0,0,0,0,1,0,0,0,0,1,0,0,0,0,0,0,0,0,3,3.3228849,0.365176,0,0.071884
23557366,-0.10454,3.983975,5.349,149.40666,7849.88671,2,0,0,16,0,1,2,2,0,0,0,0,0,0,0,0,0,0,0,0,0,0,0,2,0,0,1,0,3,2.5147049,0.00442,0,0.150291
23617693,-1.63793,3.359695,5.516,203.54939,38388.01938,0,0,0,6,6,2,2,2,0,0,0,0,0,0,1,0,0,0,1,0,0,0,0,0,0,0,0,0,3,2.1444608,0.074916,0.01289778,0.224623
23617717,-1.80675,3.401495,2.954,208.13123,16254.8234,3,0,0,12,1,2,0,3,0,0,0,0,0,0,0,0,0,1,0,0,0,0,0,0,0,0,1,0,3,2.4033549,0.151898,0.02665762,0.341834
243443,-1.6657,3.56025,3.677,191.42148,122364.6911,2,0,0,7,2,1,2,0,0,0,2,0,0,0,0,0,0,0,0,0,0,0,0,0,1,0,0,0,1,2.6810807,0.407871,0,0.088354
248808,-1.05787,3.537625,2.144,185.096,32192.83845,4,0,0,13,1,3,1,0,0,0,0,0,0,0,0,0,0,1,0,0,0,0,0,0,0,0,1,0,2,3.5544477,0.553144,0.02407533,0.212404
25171959,-1.29048,3.95809,5.45,171.02325,28578.63294,2,0,0,10,4,1,3,0,0,0,2,0,0,0,0,0,0,1,0,0,0,0,1,0,0,0,0,0,2,3.8523163,0.175314,0.01273572,0.081911
260636,-1.63231,3.823575,5.479,173.6568,42724.98667,3,0,0,11,5,4,4,2,0,0,0,0,0,0,0,0,0,0,0,0,2,0,0,0,0,0,0,0,1,2.5996771,0.006613,0,0.051527
265909,-1.45434,4.068295,8.64,143.76381,62568.16527,0,0,0,5,5,2,2,2,0,0,0,0,0,0,0,0,0,0,0,0,0,0,0,0,0,0,0,0,2,2.9680433,0.000577,0,0.053325
26592,-1.69509,3.50128,9.059,199.14444,58442.41801,1,0,0,10,0,5,0,6,0,0,0,0,0,0,0,0,0,1,1,0,0,0,0,0,0,0,1,0,1,3.1402947,0.110736,0,0.134136
2737100,-1.95234,3.480195,4.831,186.91511,54332.33234,0,0,0,4,4,4,2,3,0,0,0,0,0,0,0,0,0,0,0,0,0,0,0,0,0,0,0,0,1,2.642067,0.065997,0.01143607,0.22405
2752454,-1.65188,3.89734,5.537,193.70642,51513.6302,3,0,0,9,3,2,4,2,0,0,0,0,0,0,0,1,0,0,0,0,1,0,0,0,0,0,0,0,1,3.5100387,0.532884,0.00652612,0.077235
2752779,-0.71845,3.748435,3.552,189.2162,42068.94864,2,0,0,9,3,6,1,0,0,0,0,0,2,1,1,0,0,0,0,0,0,1,0,0,0,0,0,0,2,3.1816646,0.314484,0.01442868,0.082752
2763573,-1.76717,3.525705,4.436,173.04178,52296.27375,3,0,0,10,0,4,0,1,4,0,0,0,0,0,0,0,0,0,0,0,0,0,0,0,0,0,0,0,1,2.8227301,0.222189,0,0.058583
2772961,-2.01239,3.66698,5.242,141.14544,209669.9349,1,0,0,7,1,2,0,4,0,0,0,0,0,0,0,0,0,0,0,0,0,0,0,0,0,0,0,0,3,2.7660493,0.137268,0.01204759,0.08617
2793714,-1.92151,3.71279,2.122,202.33045,81078.04988,3,0,0,11,0,3,2,2,0,0,0,0,0,0,0,1,0,0,0,0,0,0,0,2,0,0,0,1,2,2.9830326,0.004586,0,0.11215
2798480,-1.75101,3.60707,4.183,176.57627,47881.45501,2,0,0,16,0,2,0,0,0,0,0,0,0,0,0,2,0,0,0,0,0,0,0,0,0,0,0,0,3,3.1302808,0.294927,0,0.069129
2799575,-0.9978,3.83248,8.202,184.65495,32739.51729,3,0,0,10,4,3,4,4,0,0,0,0,0,0,0,0,0,1,0,0,2,0,0,0,0,0,0,0,1,3.5244275,0.190575,0,0.059987
282027,-0.66964,3.86576,1.904,108.53728,12187.15348,3,0,0,12,1,3,2,2,0,0,0,0,0,0,0,1,0,0,0,0,0,0,0,1,0,0,1,0,2,2.893641,0.128969,0.01115535,0.060935
2836612,-1.8052,3.624845,12.126,180.23311,23758.88195,0,0,0,22,0,2,2,0,0,0,0,0,0,0,0,0,0,0,0,0,0,0,0,0,0,0,0,0,3,2.8785251,0.339073,0.01907582,0.14833
2838129,-1.41672,3.69744,3.696,190.58837,69720.34796,3,0,0,17,1,0,2,1,0,0,0,0,0,0,0,0,0,0,0,0,0,0,1,0,0,0,0,0,3,2.7235192,0.21048,0,0.054192
2844183,-2.41013,3.768015,2.76,182.81569,207083.0742,3,0,0,16,0,4,1,1,0,0,0,0,0,0,0,2,0,0,0,0,0,0,0,1,0,0,0,0,3,3.1970413,0.000302,0,0.062473
286368,-1.26371,3.591675,5.5,170.15535,28041.76003,0,0,0,2,2,0,2,4,0,1,0,0,0,0,0,0,0,0,0,0,0,0,0,0,0,0,0,0,0,2.6242444,0.067992,0,0.051413
288109,-0.74823,3.88159,1.66,183.08443,49632.00093,4,0,1,13,2,3,2,1,0,0,0,0,0,0,0,1,0,0,0,0,1,0,0,0,0,0,0,0,1,2.3966644,0.025997,0,0.09564
288299,-0.72007,3.73136,3.195,168.73077,14926.38684,2,0,0,9,3,4,1,1,0,0,0,0,0,0,0,0,0,0,0,0,0,1,0,0,0,0,0,0,3,3.256631,0.043241,0,0.070386
289826,-1.11262,3.877485,4.449,179.6974,26221.8173,0,0,0,5,5,3,0,3,0,0,0,0,0,0,0,0,0,0,1,0,0,0,0,0,0,0,0,0,2,1.9101433,0.013637,0,0.12674
290341,-0.83081,3.74417,2.739,174.34425,35480.22773,2,0,0,9,3,1,3,3,0,0,0,0,0,0,0,0,0,0,0,0,0,1,0,0,0,0,0,0,1,3.2697892,0.303833,0.01505532,0.081911
29049,-2.15789,3.83814,6.676,131.08875,16479.69215,0,0,0,5,5,1,2,4,0,1,0,0,0,0,0,0,1,0,0,0,0,0,0,0,0,0,0,0,2,3.04974,0.107866,0.0591404,0.279025
298497,-1.23884,3.36643,0.54,191.45986,34725.49237,2,0,0,16,0,2,1,0,1,0,0,0,0,0,0,0,0,0,0,0,0,0,1,0,1,0,1,0,2,2.6308111,9E-05,0.03109478,0.251013
3010850,-1.49703,3.901005,3.668,193.95546,43094.2347,2,0,0,9,3,1,4,0,0,0,0,0,0,0,0,0,0,0,0,0,0,1,1,0,0,0,0,0,1,3.3435771,0.280731,0,0.153162
3025911,-1.2613,3.47441,1.447,210.21253,23351.47781,3,0,0,12,2,2,2,4,0,0,0,0,0,0,0,0,0,0,0,0,1,0,0,0,1,0,0,0,2,3.0080345,0.068788,0,0.15688
3056882,-0.822,3.467375,1.99,166.94273,20035.7083,4,0,0,15,3,2,2,1,0,0,0,0,0,0,0,0,0,0,0,0,1,0,0,0,0,0,0,0,2,3.1885936,0.066118,0,0.078521
308112,-2.24,3.53917,1.465,159.8549,34852.81639,1,0,0,13,3,3,3,0,0,0,0,0,0,0,0,0,0,0,0,0,0,1,0,0,0,0,0,0,1,2.5620681,0.001171,0,0.263872
308716,-1.26298,3.801335,3.068,180.30022,52277.55196,0,0,0,6,3,4,0,3,3,0,0,0,0,0,0,0,1,0,0,0,0,0,0,0,0,0,0,0,1,3.5878218,0.546797,0.01162844,0.089728
3093653,-1.25578,3.55943,1.796,135.96269,24474.25195,2,0,0,16,0,3,1,0,0,0,0,0,0,0,0,0,0,1,0,0,0,0,0,0,0,0,0,0,2,2.9448259,0.087349,0.02867376,0.124343
310601,-1.21589,3.18902,4.251,220.56434,95853.38057,4,0,0,15,3,2,2,1,0,0,0,0,0,0,0,0,0,0,0,0,1,0,0,0,0,0,0,0,2,2.9162596,0.097917,0,0.15934
311836,-0.89062,3.93147,1.971,174.02847,26575.13801,1,0,0,12,1,2,0,2,0,0,0,0,0,0,0,0,0,0,0,0,0,0,0,0,0,0,1,0,2,3.5337979,0.089604,0,0.050976
314946,-2.21615,3.54412,1.354,172.06682,37449.12215,6,0,0,13,1,0,3,0,0,0,0,1,0,0,0,0,0,0,0,0,0,0,2,0,0,0,0,0,2,2.5526436,0.000462,0,0.260902
315476,-0.90148,3.71506,5.002,208.61676,67154.50033,1,0,1,11,1,5,1,0,0,0,0,0,0,0,0,0,0,0,0,0,0,0,0,0,0,0,0,0,1,2.5238282,0.157792,0,0.10672
316022,-1.66185,3.716335,3.248,195.46966,34152.73134,4,1,0,17,1,4,1,0,0,0,0,0,0,0,0,1,0,0,0,0,0,0,0,0,0,0,0,0,3,2.8692022,0.023278,0,0.141426
324820,-1.48407,3.785725,6.014,127.28761,2853.47206,3,0,0,13,1,3,2,0,0,0,0,0,0,0,0,0,0,0,0,0,0,0,1,0,0,0,0,1,2,3.0852783,0.067452,0,0.051326
3272046,-1.38304,3.764465,4.459,241.28312,3838892.045,4,0,0,13,2,3,3,2,0,0,0,0,0,0,0,0,0,0,0,0,1,0,0,1,0,0,0,0,1,3.4102353,0.000499,0,0.091112
337601,-1.93928,3.118005,8.919,212.81282,38025.57243,3,0,0,10,2,3,1,3,2,0,0,0,0,0,0,0,0,0,0,0,0,0,0,0,0,0,0,0,1,2.4179795,0.466028,0.02668454,0.249296
3387659,-1.48495,3.833345,0.962,205.53574,53139.12588,2,0,0,11,2,3,1,1,4,0,0,0,0,0,0,0,0,0,0,0,0,0,0,0,0,0,0,0,1,3.272589,1.6E-05,0.02821592,0.224802
341854,-1.07734,3.768905,4.81,103.2506,8429.4554,3,0,1,12,1,3,2,1,0,0,0,0,0,0,0,0,0,0,0,0,0,0,0,1,0,0,0,0,1,2.6803263,0.194225,0,0.08558
34327,-0.84971,3.56999,1.136,197.72892,23159.19711,3,0,0,12,1,6,1,2,0,0,0,1,0,0,0,2,0,0,0,0,0,0,0,0,0,0,0,1,2,3.5966295,0.344628,0.02521633,0.176233
34809,-1.08013,3.532565,3.243,185.65314,33469.62753,1,0,0,10,4,2,2,0,0,0,1,0,0,0,0,0,0,0,0,0,0,0,0,0,0,0,0,0,1,3.6035864,0.08187,0.02162179,0.147545
3514476,-2.18104,3.625055,7.193,196.85206,35256.88849,1,0,0,6,0,4,0,0,0,0,0,0,0,0,0,0,0,0,0,0,0,0,0,0,0,0,0,1,1,3.2062575,0.125512,0.00313052,0.083354
352272,-1.19797,3.65188,3.272,136.87113,116284.2243,2,0,0,9,3,5,1,2,0,0,0,0,1,0,1,0,0,1,0,0,0,0,0,0,0,0,0,0,2,3.0481246,0.11361,0.02689379,0.118151
3568736,-2.15075,3.620235,7.363,197.21847,34724.1773,4,0,0,9,3,1,4,2,0,1,1,0,0,0,0,1,0,0,0,0,0,0,0,1,0,0,0,0,2,3.2005458,0.107274,0.00397181,0.082708
3613753,-1.23565,3.55171,3.72,121.26086,19050.07447,2,0,0,13,1,2,2,2,1,0,0,0,0,0,0,0,0,1,0,0,0,1,0,0,0,0,0,0,2,3.1281872,0.109378,0,0.067176
3620566,-1.533,3.4871,10.898,245.97128,57965.88802,3,0,0,11,1,5,0,3,0,0,0,0,0,0,0,0,0,1,0,0,0,0,0,0,0,0,0,0,1,3.0073061,0.884348,0.01702658,0.052006
362360,-1.82094,3.55097,4.298,196.97839,55379.62543,2,0,0,14,2,4,1,0,0,0,0,0,0,0,0,0,0,0,0,0,0,0,0,0,0,0,2,0,2,2.752034,0.006555,0,0.117216
362362,-1.8706,3.34073,3.367,202.33228,115344.5451,2,0,0,8,2,1,4,4,0,1,0,0,0,0,0,0,0,0,0,0,0,0,0,1,0,0,0,0,1,2.4910514,0.003035,0,0.214875
3635696,-1.31161,3.471175,10.028,227.823,87868.96508,1,0,0,9,3,1,3,2,0,1,1,0,0,0,0,0,0,0,0,0,0,0,0,0,0,0,0,0,1,2.8788592,0.664963,0.01314381,0.131694
3662285,-1.46038,3.412135,9.895,220.54336,188781.198,2,0,0,9,3,3,3,4,0,0,0,0,0,0,0,0,0,0,0,0,1,0,0,0,0,0,0,0,2,3.3859533,0.998077,0.01609362,0.094433
366835,-1.41578,3.74122,3.177,199.87813,28410.29431,1,0,0,9,4,1,3,3,0,0,2,0,0,0,0,0,1,0,0,0,0,0,0,0,0,1,0,0,1,3.4326312,0.204912,0,0.157854
368744,-1.62045,3.598115,1.01,203.64419,65771.64829,3,0,0,9,3,2,2,4,0,0,0,0,0,0,0,0,0,0,0,1,1,0,0,0,0,0,0,0,1,2.1147311,0.014426,0,0.191117
3695570,-1.7827,3.558265,5.05,205.0452,50394.50857,3,0,0,11,5,3,4,2,0,0,0,0,0,0,0,0,0,0,1,0,2,0,0,0,0,0,0,0,1,2.5055462,0.336357,0.0582377,0.193028
3738959,-2.0006,3.69839,7.855,166.00638,71203.49533,0,0,0,1,1,0,1,8,0,0,0,0,0,0,0,0,0,0,0,0,0,1,0,0,0,0,0,0,2,3.1027281,0.002476,0,0.07415
374034,-1.24339,3.67071,5.525,167.62504,27476.86443,2,0,0,9,3,3,1,0,0,0,0,0,0,0,0,0,0,0,0,0,0,0,0,0,0,0,0,0,2,3.4206218,0.17531,0.01079049,0.131503
3765036,-1.66978,3.543475,3.51,209.01201,28612.44235,2,0,0,14,2,2,1,0,0,0,0,0,0,0,0,0,0,0,0,0,0,0,0,0,0,0,0,0,2,3.2357493,0.001441,0.01941316,0.150569
3780085,-1.27744,3.972585,4.923,156.25519,19280.60697,3,0,0,14,3,1,3,0,0,0,0,0,0,0,0,0,0,0,0,0,0,0,0,0,0,1,0,0,2,3.4695912,0.191448,0.01097995,0.104367
378350,-1.0925,3.594365,3.767,207.01302,55969.1484,3,0,0,8,2,0,5,2,0,0,1,0,0,0,0,0,0,0,0,0,0,1,1,1,0,0,0,0,1,3.4625222,0.252897,0.00637643,0.106099
38497,-0.978,3.589565,4.759,194.30241,66185.13909,3,0,0,9,3,3,3,2,0,0,0,0,0,0,0,0,0,1,0,0,1,0,0,0,0,0,0,0,1,3.4976619,0.136347,0.01074457,0.134097
38502,-1.02568,3.443575,2.206,194.80582,64184.1895,2,0,1,12,2,4,2,0,0,0,0,0,0,0,0,1,0,0,0,0,1,0,0,0,0,0,0,0,1,3.4393812,0.150614,0.01129204,0.130422
3900427,-2.04047,3.676015,5.382,186.72378,48685.56188,3,0,0,15,2,1,1,0,1,0,0,1,0,0,0,0,0,0,0,0,0,0,0,0,0,0,0,0,2,3.2074333,0.234967,0,0.077643
3917295,-2.06103,3.5304,2.822,197.56395,58039.12671,4,1,0,13,0,4,1,0,1,0,0,0,0,0,0,0,0,0,0,0,0,0,1,0,0,0,0,1,2,2.5652964,0.006151,0,0.053238
395806,-1.60298,3.502455,2.587,177.40672,51426.68982,3,0,0,9,2,3,3,4,1,0,0,0,0,0,0,0,0,0,0,1,1,0,0,0,0,0,0,0,2,3.0984916,0.201026,0.02433564,0.224884
395809,-1.49618,3.601395,3.751,167.86943,36098.21813,3,1,0,8,3,4,2,4,0,0,0,0,0,0,0,0,0,0,1,0,1,0,0,0,0,0,0,0,0,3.0673065,0.168954,0.02243756,0.20804
3996428,-1.87601,3.49933,3.824,153.23273,41270.61758,3,0,0,14,2,2,2,0,0,0,0,0,0,0,0,0,0,1,0,0,0,0,0,1,0,0,0,0,3,2.8003739,0.06691,0,0.058228
4037810,-1.76652,3.77765,1.477,195.03306,35053.73641,3,0,0,14,3,3,3,0,0,0,0,0,0,0,0,0,0,0,0,0,1,0,0,0,0,1,0,0,1,3.4665578,0.008794,0,0.147427
404291,-1.73711,3.51046,4.115,171.38784,25863.57542,2,0,0,9,3,3,2,5,0,0,0,0,0,0,0,0,0,0,0,0,1,0,0,0,0,0,0,0,1,2.561654,0.010811,0.06431354,0.250557
4067664,-0.26653,3.75908,1.952,146.86585,7573.23017,3,0,0,9,3,2,4,2,0,0,0,0,0,0,0,0,0,1,0,0,1,0,0,0,0,0,0,0,1,3.4267377,0.24593,0.04722707,0.198463
407063,0.08261,3.733165,2.009,121.57002,9055.67756,2,0,0,10,5,3,4,0,0,0,0,0,0,0,0,0,0,0,0,0,1,0,0,0,0,1,0,0,0,2.9319313,0.098185,0.04278774,0.129878
409149,-0.20984,3.533555,3.476,151.32992,11483.39554,4,0,0,9,3,4,3,3,0,0,0,0,0,0,0,0,0,1,0,0,1,0,0,0,0,0,0,0,1,3.3621018,0.20525,0.03636285,0.145414
410094,-0.29103,3.735365,1.395,192.64683,38472.09933,2,0,0,7,1,2,0,4,0,0,0,0,0,0,0,0,0,0,0,1,0,0,0,0,0,0,0,0,1,3.4369391,0.242593,0.01086184,0.095967
4140224,-1.74782,3.25583,5.169,253.78672,536915.9388,0,0,0,2,2,0,3,2,0,1,0,0,0,0,0,0,0,0,0,0,0,0,0,0,0,0,0,0,1,3.1458099,0.927582,0,0.104045
414038,0.08848,3.644385,2.646,219.73465,30964.44161,3,0,0,9,3,1,2,2,0,0,0,0,0,0,0,0,0,0,0,0,0,0,0,0,0,0,0,0,1,3.0376474,0.12429,0,0.12509
416284,-0.14657,3.686235,2.626,185.45691,41665.15289,4,0,0,15,2,3,2,0,1,0,0,0,0,0,0,0,0,1,0,0,1,0,0,0,0,0,0,0,2,2.9582324,0.14851,0.0171497,0.10815
416330,0.29134,3.629465,1.857,179.79903,24083.95119,5,0,0,13,2,4,3,1,0,0,0,0,0,0,0,0,0,1,0,0,1,0,1,0,0,0,0,0,1,2.9587968,0.101308,0.02464839,0.097365
416337,-0.04522,3.797765,3.168,190.29671,51225.99518,2,0,0,8,2,1,2,3,0,1,0,0,0,0,0,0,0,1,0,0,0,0,0,0,0,0,0,0,2,3.2462642,0.281885,0.02308322,0.117549
4166963,-0.62662,3.558205,0.07,215.3761,38416.13149,3,0,1,12,2,3,2,3,0,0,0,0,0,0,0,1,0,0,0,0,1,0,0,0,0,0,0,0,1,3.165435,0.077136,0,0.052454
418707,-0.114,3.70089,2.104,193.19956,16373.22481,1,0,0,10,4,1,1,1,0,0,1,0,0,0,0,0,0,0,1,0,0,0,0,0,0,0,0,0,2,3.2727498,0.105761,0.02972248,0.086658
418721,-1.62935,3.74087,7.322,171.06984,47626.2378,3,1,0,8,3,3,2,3,0,0,0,2,0,0,0,0,0,0,0,1,0,0,0,0,0,0,0,0,1,2.9921244,0.110051,0.00952366,0.118235
418797,-0.36037,3.491615,5.417,217.29961,110428.8291,2,1,0,8,3,6,3,3,0,1,0,0,0,1,0,1,0,0,0,0,0,0,0,0,0,0,0,0,1,2.5181783,0.120769,0.01945211,0.175888
418798,-0.22383,3.5073,3.237,185.6803,62286.01007,2,0,0,10,4,0,3,0,0,0,2,0,0,0,0,0,0,0,0,0,0,0,1,0,0,0,0,0,2,2.4995924,0.096146,0.02117527,0.167504
419668,-0.1641,3.86771,1.389,144.00867,16566.93187,3,0,0,9,2,3,2,5,1,0,0,0,0,0,0,0,0,0,0,1,1,0,0,0,0,0,0,0,2,3.4569348,0.17874,0.0305615,0.131554
420997,-0.29462,3.71161,2.403,181.21888,41999.6856,2,0,0,9,3,2,3,5,0,0,0,0,0,0,0,0,0,0,0,0,1,0,0,0,0,0,0,0,1,3.0165314,0.157567,0.01711561,0.099848
422517,-0.7578,3.6732,5.415,169.52668,32894.69584,2,0,0,9,3,2,3,5,0,0,0,0,0,0,0,0,0,0,0,0,1,0,0,0,0,0,0,0,1,3.2144394,0.189905,0.02413335,0.095366
423106,-0.84633,3.678325,6.116,147.66861,21889.9778,3,0,0,9,3,1,4,2,0,0,0,0,0,0,0,0,0,0,0,0,0,1,0,1,0,0,0,0,1,3.2336744,0.159516,0.02340479,0.117879
426483,-1.43649,3.38292,1.168,139.90885,18143.84837,3,0,0,9,3,3,3,1,0,0,0,0,0,0,0,1,0,0,0,0,1,0,0,0,0,0,0,0,1,2.9454554,0.116861,0.020991,0.105389
426507,0.07321,3.748215,2.531,180.76613,27259.16068,4,0,0,17,0,5,0,0,0,0,0,0,0,0,0,0,0,1,0,0,0,0,0,0,0,0,0,0,2,3.193912,0.175203,0.03369579,0.133718
4266009,-1.43779,3.648315,5.902,139.85332,13533.18318,2,0,0,11,3,3,1,1,2,0,0,0,0,0,0,0,0,0,0,0,0,0,0,0,0,0,0,0,1,3.2077839,0.145209,0,0.098287
428492,-0.86013,4.029825,3.609,170.98759,32328.10715,4,0,0,14,2,0,3,0,0,0,0,1,0,0,0,0,0,0,0,0,0,1,1,0,0,0,0,0,2,3.566769,0.082226,0,0.075232
429807,-0.18802,3.85224,2.53,188.80738,26295.6237,2,0,0,10,2,3,1,3,2,0,0,0,0,0,0,0,0,0,0,0,0,0,0,0,0,0,0,0,1,2.6600994,0.011897,0.09223694,0.284942
430345,-1.20343,3.554175,4.384,208.9248,50874.60118,2,0,0,9,3,2,3,0,0,0,0,0,0,0,0,1,0,0,0,0,0,1,0,0,0,0,0,0,1,3.6484884,0.128863,0.01650352,0.12977
430403,-1.19628,3.573995,4.152,208.39961,50840.93939,0,0,0,5,4,5,4,2,1,0,0,0,0,0,0,0,1,0,0,0,0,1,0,0,0,0,0,0,1,3.6083933,0.132726,0.01615902,0.129658
431570,-0.77732,3.397175,2.74,216.84565,57774.24083,0,0,0,4,4,3,0,0,0,0,0,0,0,1,0,0,0,0,0,0,0,0,0,0,0,0,0,0,1,2.599344,0.048304,0.00292616,0.077071
431763,-0.47523,3.63223,1.362,188.24592,45303.65979,2,0,0,10,2,3,0,2,2,0,0,0,0,0,0,0,0,0,0,1,0,0,0,0,0,0,0,0,2,3.5132528,0.068343,0,0.070704
433984,-0.42515,3.55647,3.209,196.51694,36078.45727,3,0,0,8,2,2,3,1,0,0,0,0,0,0,0,0,0,1,0,0,1,0,0,1,0,0,0,0,1,3.0557519,0.20719,0.04990232,0.20521
435038,-1.53176,3.5152,2.866,219.27998,99484.86562,0,0,0,6,4,3,0,5,2,0,0,0,0,0,0,0,0,0,1,0,0,0,0,0,0,0,0,0,1,3.378522,0.205536,0.01138446,0.145406
43512,-0.91979,3.58057,1.026,226.22175,56909.6415,2,0,0,9,3,1,3,3,0,0,0,0,0,0,0,0,0,0,0,0,0,0,0,1,0,0,0,0,1,3.6189627,0.16973,0.01632909,0.155301
43513,-0.91996,3.601125,0.928,223.86521,69717.98761,1,0,0,11,5,3,3,0,0,0,0,0,1,0,0,0,0,0,0,0,0,1,0,0,0,0,0,0,2,3.6221406,0.012451,0.01814668,0.154623
435407,-0.35013,3.110715,1.023,217.04604,-12832.74376,2,0,0,8,2,2,2,4,0,0,0,0,0,0,0,0,0,1,0,0,1,0,0,0,0,0,0,0,1,2.4072417,0.208637,0.06871432,0.304387
436250,-0.90628,3.51548,4.743,190.16614,46386.86822,2,0,0,10,4,4,3,0,0,0,0,0,0,0,0,0,0,0,0,0,1,0,0,0,0,0,0,0,1,3.2209377,0.361066,0.01648073,0.126384
4363838,-1.78072,3.76552,4.914,171.041,25546.8029,3,0,0,8,2,2,3,0,0,0,0,0,0,0,0,1,0,0,0,0,1,0,1,0,0,0,0,0,1,2.6298536,0.176323,0.01214596,0.108297
4369218,-1.48899,3.197295,2.834,225.66485,61907.47253,2,0,0,8,2,2,2,2,0,0,0,0,0,0,0,0,0,1,0,0,1,0,0,0,0,0,0,0,1,2.0482938,0.052495,0.01002793,0.201943
438763,-0.37797,3.102695,3.46,216.98164,-3674.50356,3,0,0,8,2,3,3,5,0,0,0,0,0,0,0,0,1,0,0,1,1,0,0,1,0,0,0,0,2,2.4500352,0.225802,0.06794571,0.293876
439016,-1.43647,3.65488,4.007,181.68047,39980.98402,2,0,0,10,4,3,3,3,0,0,1,0,0,0,0,0,0,0,1,0,1,0,0,0,0,0,1,0,1,3.127745,0.153193,0.02233312,0.205838
440728,-1.98655,3.621955,8.05,115.15875,8332.1884,3,0,0,8,2,2,3,3,0,0,0,0,0,0,0,0,0,1,0,0,1,0,0,1,0,0,0,0,1,2.0697461,4E-06,0,0.138872
44129605,-1.23095,3.59101,0.122,164.04978,38811.9487,3,0,0,11,5,4,5,1,0,0,0,0,0,0,0,0,0,0,0,0,2,0,0,0,0,0,0,0,1,3.6867346,0.324171,0.0030278,0.066741
441320,-1.71037,3.88353,1.774,166.37371,39370.24805,3,0,0,9,3,3,3,4,0,0,0,0,0,0,0,0,0,1,0,0,1,0,0,0,0,0,0,0,2,3.0693598,0.046815,0,0.101054
44181968,-2.06711,3.742365,6.523,136.05841,12056.28131,3,0,0,14,3,7,2,0,0,0,0,0,0,0,0,0,0,0,0,0,1,0,0,0,0,0,0,0,1,2.6113243,0.003502,0,0.226562
4421616,-0.63561,3.47596,1.757,188.6569,48229.4423,3,0,0,10,4,3,4,1,0,0,0,0,0,0,0,0,0,1,0,0,2,0,0,0,0,0,0,0,1,1.4230579,0.002501,0.113196,0.430617
444084,-0.54868,3.883555,0.568,109.55497,5632.12945,3,0,0,13,2,1,4,0,0,0,0,0,0,0,0,0,0,0,0,0,1,0,2,0,0,0,0,0,2,3.7585994,0.21342,0.04411499,0.184776
444211,-1.04444,3.334935,5.146,187.99609,23597.2362,2,0,0,7,2,4,4,4,0,0,0,0,0,0,0,0,0,0,0,1,1,0,0,0,0,0,0,0,1,2.5066239,0.187022,0.04101853,0.370525
4447043,-1.10433,3.631125,4.121,213.26082,70952.60075,2,0,0,9,3,3,3,4,0,0,0,0,0,0,0,0,0,0,1,0,1,0,0,0,0,0,1,0,2,3.8107443,0.452257,0,0.051383
4490492,-1.27485,3.822275,3.273,199.21908,91577.0714,3,0,0,8,2,5,2,4,0,0,0,0,0,0,0,1,0,0,0,1,1,0,0,0,0,0,0,0,1,3.5967258,0.574677,0,0.061628
45077423,-2.05737,3.49017,2.207,151.47753,28815.00091,2,0,0,10,4,3,4,1,0,0,0,0,0,0,0,0,0,0,0,0,1,0,0,0,0,0,0,0,1,2.3464786,0.028481,0,0.120391
45077555,-1.70389,3.27135,1.788,182.1355,70327.47281,1,0,0,9,3,3,1,2,0,0,1,0,0,0,0,0,0,0,0,0,0,0,0,0,0,0,0,0,1,2.9923886,0.34672,0.02767299,0.286825
45077559,-2.35805,3.43612,3.656,144.2651,43620.77602,2,0,0,11,0,4,0,1,0,0,0,0,0,0,0,1,0,1,0,0,0,0,0,0,0,0,0,1,2,2.730495,0.075304,0.01514453,0.10818
45079689,-1.26114,3.67444,4.326,112.62109,8967.08026,3,0,0,15,3,2,2,0,0,0,0,2,0,1,0,0,0,0,0,0,0,0,0,0,0,0,1,0,2,1.3497055,0.006004,0.26503219,0.458232
45079761,-1.37502,3.634925,3.568,123.64391,9092.59777,3,0,0,12,1,6,1,1,0,0,0,0,0,0,0,0,0,0,0,0,0,0,0,0,0,0,0,0,1,2.2539822,0.071615,0.00490539,0.159043
45093311,-1.50379,3.596985,5.199,182.86558,51043.25179,2,0,0,8,2,2,3,2,0,1,0,0,0,0,0,1,0,0,0,0,0,0,0,0,0,0,0,0,1,2.6041154,0.008544,0,0.060337
45099154,-1.31531,3.424535,2.241,149.01074,-3735.12037,1,0,0,11,3,3,1,0,2,0,0,0,0,0,0,0,0,0,0,0,0,1,0,0,0,0,0,0,1,2.3598353,0.074198,0.02737471,0.175897
45099157,-1.4238,3.36791,3.152,150.0593,-3971.72904,1,0,0,9,3,2,1,1,0,0,0,1,0,0,0,0,0,0,1,0,0,0,0,0,0,0,0,0,1,2.3971157,0.07765,0.02804576,0.17713
45099179,-1.67094,3.44698,4.973,142.40876,-297.75282,1,0,0,9,3,1,2,0,0,0,0,0,0,0,0,0,0,0,0,0,0,0,0,0,0,0,0,0,1,2.3035917,0.096387,0.00746089,0.150238
45120288,-2.08077,3.44822,2.584,135.26903,10532.49843,2,0,0,11,5,3,3,1,0,0,0,0,0,1,0,0,0,0,0,0,1,0,0,0,0,0,0,0,2,2.45893,0.054298,0.02745127,0.20037
45120293,-1.68483,3.52687,0.52,140.0362,9931.54564,3,0,0,9,3,3,3,1,0,0,0,0,0,0,0,0,0,0,0,0,1,0,0,0,0,0,0,0,1,2.3577837,0.028297,0.02235334,0.178115
45120839,-2.49929,2.927385,4.757,145.06464,46898.41361,3,0,0,11,0,5,0,1,0,0,0,0,0,0,0,2,0,0,0,0,0,0,0,0,0,0,1,0,2,1.4776057,0.0178,0,0.169935
45121132,-1.73967,3.446195,2.751,141.48259,2398.16706,1,0,0,10,4,2,0,1,0,0,0,0,0,0,2,0,0,0,0,0,0,0,0,0,0,0,0,0,2,2.3782711,0.040872,0.02865137,0.221084
45121139,-2.11845,3.36703,2.23,136.82875,1013.69957,2,0,0,9,3,2,1,2,0,0,0,0,1,0,0,0,0,0,1,0,0,0,1,0,0,0,0,0,2,2.4530268,0.082388,0.0343302,0.246651
45121589,-1.62088,3.59842,0.296,159.60719,17007.94319,0,0,0,6,6,2,2,2,0,0,0,0,0,0,0,0,0,0,0,0,0,0,0,0,0,0,0,0,3,2.4863145,0.05521,0.02533079,0.204333
45122561,-1.74873,3.38745,5.736,144.95231,3761.82205,3,0,1,11,1,6,0,1,0,0,0,0,0,0,0,0,0,0,0,0,0,0,0,0,0,0,0,0,0,2.524888,0.101502,0.03188332,0.195092
456817,-0.85973,3.623105,3.067,222.28666,114648.743,2,0,0,10,4,3,3,0,0,0,0,0,0,0,0,0,0,0,0,0,1,0,0,0,0,0,0,0,1,3.7136309,0.663337,0,0.081664
4568516,-0.99065,3.567405,4.003,180.22214,28011.15708,1,0,1,8,3,2,0,2,0,0,0,0,1,0,0,0,0,0,1,0,0,0,0,0,0,0,0,0,1,3.4655709,0.407624,0.01797156,0.174888
460764,-1.89487,3.538075,4.242,200.78445,44326.06165,2,0,1,7,2,2,3,2,0,1,0,1,0,0,0,1,0,0,0,0,0,0,0,0,0,0,0,0,0,2.8957704,0.151597,0.01074794,0.114657
4611299,-0.84207,3.47116,8.081,197.16477,40870.03202,2,0,0,12,2,4,3,4,0,0,0,0,0,0,0,0,0,1,0,0,1,0,0,0,0,0,0,0,1,2.4360997,0.072777,0.0146149,0.132038
4615380,-0.83376,3.48247,2.665,196.27725,45341.08357,2,0,0,20,0,3,0,0,0,0,0,0,0,0,0,0,0,0,0,0,0,0,0,0,0,0,1,0,2,3.6269191,0.112721,0.01812506,0.135579
46739853,-1.96385,3.423205,7.813,135.26879,29979.24239,2,0,0,9,3,3,3,1,0,0,0,0,1,0,0,0,0,0,0,0,1,0,0,0,0,0,0,0,1,2.5698793,0.064962,0,0.213483
4961379,-0.33299,3.552865,2.485,123.77899,7354.2305,3,0,0,9,3,2,4,4,0,0,0,0,0,0,0,0,0,1,0,0,1,1,0,0,0,0,0,0,1,2.9326373,0.184524,0.055193,0.217622
499043,-1.01603,3.9791,3.759,133.47919,13212.49212,4,0,0,13,2,4,2,0,0,0,0,0,0,0,0,1,0,0,0,0,1,0,0,0,0,0,0,0,1,3.2170989,0.060923,0.01783453,0.124862
5027250,-1.55306,3.534585,2.219,183.34667,34196.79887,3,0,0,8,2,3,3,5,0,0,0,0,0,0,0,0,1,0,0,1,1,0,0,1,0,0,0,0,2,2.8842876,0.000575,0.0142717,0.138709
5033457,-1.0063,3.93796,4.157,181.16443,69491.41673,2,0,0,8,2,3,2,6,0,0,0,0,0,0,0,0,0,0,1,1,1,0,0,0,0,0,0,0,1,3.6371583,0.759625,0,0.064443
5105807,-1.44535,3.62965,2.443,170.03506,1055472.53,2,0,0,8,2,1,4,1,0,0,0,0,0,0,0,0,0,0,0,0,0,1,0,1,0,0,0,0,1,3.2752711,0.126689,0.02665354,0.119876
5140517,-1.64405,3.81944,5.008,151.35117,28831.50727,3,0,0,9,3,2,5,3,0,0,0,0,0,0,0,0,0,0,0,0,1,0,0,1,0,0,0,0,1,2.8073124,0.009648,0,0.052173
5197963,-1.78335,3.884975,2.442,111.3597,12196.9742,0,0,0,7,5,3,0,1,2,0,0,0,0,0,0,0,0,0,1,0,0,0,0,0,0,0,0,0,1,2.8350661,0.024235,0,0.128754
5243925,-1.39315,3.76052,1.55,122.15109,14298.54163,1,0,0,10,4,1,1,0,0,0,1,0,0,0,0,0,0,1,0,0,0,0,0,0,0,0,0,0,1,2.1736039,0.004203,0.00584964,0.102029
5246393,-0.46794,3.568695,0.378,145.51808,8332.62446,2,0,0,13,2,2,3,0,0,0,0,0,0,0,0,0,0,0,0,0,1,1,0,0,0,0,0,0,2,3.1810555,0.203307,0.04999847,0.211673
5325317,-1.33112,3.742305,0.619,133.15828,7229.40106,3,0,0,16,0,6,0,0,0,0,0,0,0,0,0,1,0,0,0,0,0,0,0,0,0,0,1,0,2,2.7256326,0.000363,0.08325938,0.338142
53302,-0.72852,3.804895,2.944,170.53115,39632.54308,2,0,0,6,0,2,0,6,0,0,0,0,0,0,0,0,0,0,1,0,0,0,0,0,0,0,0,0,1,3.3418328,0.308943,0.00659184,0.052016
533871,-2.05302,3.872305,3.937,129.2234,21547.26526,3,0,0,17,0,5,0,0,0,0,0,0,0,0,0,1,0,1,0,0,0,0,0,0,0,0,1,0,3,2.789168,0.00394,0,0.109202
53423911,-1.95836,3.52618,8.422,122.2067,23152.90821,0,1,0,20,0,2,1,0,0,0,0,0,0,0,0,0,0,0,0,0,0,0,1,0,1,0,1,0,3,2.6290903,0.030532,0,0.206465
53441027,-2.59885,3.327615,5.877,203.15801,-13030.16242,0,0,0,5,5,5,1,1,0,0,0,0,0,1,0,0,0,0,0,0,0,0,0,0,0,0,0,0,1,2.3582337,0.000964,0.04542995,0.349599
5356767,-1.05787,3.537625,2.144,185.096,32192.83845,2,0,0,8,2,2,1,4,0,0,1,0,0,0,0,0,0,0,0,0,0,0,0,0,0,0,0,0,1,3.5544477,0.553144,0.02407533,0.212404
5363345,-1.89221,3.652445,9.773,183.47358,107022.6537,0,0,0,4,4,4,4,2,0,2,0,0,2,0,0,0,0,0,0,0,0,0,0,0,0,0,0,0,1,2.8412045,0.014262,0,0.056743
5372557,-1.76211,3.82879,7.082,195.53614,84879.71654,0,0,0,2,2,1,1,4,0,0,0,0,0,0,0,0,0,0,1,0,0,0,0,0,0,0,0,0,1,3.414567,0.695252,0.00915998,0.09113
5372881,-1.39513,3.5878,6.874,168.40926,67754.87678,3,0,0,14,3,0,4,0,0,1,0,0,0,0,0,0,0,0,0,0,0,0,0,0,0,1,0,0,2,3.0010292,2.2E-05,0.04855693,0.309642
53882246,-1.50086,3.029945,7.936,211.50648,44432.17905,1,1,0,12,1,5,0,0,0,0,0,0,0,0,0,0,0,0,0,0,0,0,0,0,0,0,1,0,1,1.8879461,0.274488,0.03568132,0.377092
53932850,-1.99848,3.74439,5.736,146.59417,13796.88964,3,0,0,14,2,2,1,1,0,0,0,0,0,0,0,0,0,0,0,0,0,0,0,0,0,0,1,0,2,2.5717465,0.073544,0.02058628,0.234243
54007360,-1.55646,3.008995,7.917,211.21219,12251.01203,3,0,0,12,6,4,4,0,0,0,0,0,0,0,0,0,0,0,0,0,2,0,0,0,0,0,0,0,1,1.9446685,0.289955,0.03976594,0.366053
5407504,-1.52291,3.647155,3.062,218.41394,211908.0047,2,0,0,9,3,2,1,1,0,0,0,0,0,0,0,0,0,0,0,0,0,0,0,0,0,0,0,0,1,3.2623704,1.000903,0.01804784,0.145165
54171473,-1.50384,3.77465,2.269,170.54717,33726.41685,3,0,0,8,2,3,2,1,0,0,0,0,0,0,0,1,0,1,0,0,1,0,0,0,0,0,0,0,1,2.4077625,0.005301,0,0.321053
5420520,-1.89345,3.566295,6.208,185.31474,64051.2101,2,0,0,15,0,3,0,1,0,0,0,0,0,0,0,1,0,0,0,0,0,0,0,0,1,0,1,0,2,3.7579876,0.687404,0.01063828,0.065261
54286369,-0.62118,3.393815,3.164,168.4344,19288.80723,3,0,0,8,2,2,4,2,0,0,0,0,0,0,0,0,0,1,0,0,1,1,1,0,0,0,0,0,1,2.2798179,0.071851,0.03915363,0.242043
54336280,-2.06702,3.19891,5.703,224.3104,13003.43205,4,0,0,8,2,3,2,3,0,0,0,0,0,0,0,2,0,0,0,0,1,0,0,0,0,0,0,0,1,2.4572007,0.485677,0.0583319,0.474988
5460735,-0.5493,4.01341,1.828,109.16076,6296.01653,2,0,1,7,2,3,3,1,0,0,0,0,0,0,0,1,0,0,0,0,0,1,0,0,0,0,0,0,0,3.2281783,0.055504,0.0221844,0.073502
5463468,0.03115,4.43321,2.465,146.13441,11487.95359,3,0,0,12,1,7,0,2,0,0,0,0,0,0,0,0,0,0,0,1,0,0,0,0,0,0,0,0,1,3.2737647,0.092103,0,0.094566
5466521,-1.63738,3.82027,6.356,193.2747,35315.34679,0,0,0,5,5,4,2,4,0,0,0,0,0,0,0,0,0,0,0,0,0,0,0,0,0,0,0,0,0,3.7248264,0.333218,0,0.065966
5469742,-1.65437,3.457635,1.632,209.79324,126520.1153,0,0,0,4,4,1,4,4,0,2,0,0,0,0,0,0,0,0,0,0,0,0,0,0,0,0,0,0,0,3.3690708,0.676342,0.02185542,0.081064
54737562,-2.92598,3.430635,3.232,141.21616,41723.9031,2,0,0,8,2,0,2,2,0,0,0,0,0,0,0,0,0,0,0,0,0,1,0,0,0,0,0,0,1,3.1984162,0.153822,0,0.065939
556344,-1.13306,3.7537,0.375,184.95928,110431.2763,1,0,0,7,1,0,0,5,0,0,0,0,0,0,0,0,0,0,0,0,0,0,0,0,0,0,0,0,1,3.0876762,0.003429,0.01260925,0.158798
570442,-2.05323,3.63648,4.803,145.1999,37373.9571,1,0,0,9,3,4,0,1,0,0,0,0,0,0,1,0,0,0,0,0,0,0,0,0,0,0,0,0,1,3.2219307,0.004374,0.00509605,0.176671
57044848,-1.27838,3.411455,1.697,187.98189,84517.62934,1,0,0,7,1,0,2,2,0,0,0,0,0,0,0,0,0,0,0,0,0,2,0,0,0,0,0,0,1,2.317687,0.095668,0.01473035,0.112349
57045158,-1.24752,3.29068,2.709,180.02583,37099.5288,1,0,0,8,2,1,1,0,0,0,0,0,0,0,1,0,0,0,0,0,0,0,0,0,0,0,0,0,1,2.3643483,0.060892,0.01711843,0.18638
57047390,-1.78886,3.328535,4.42,229.57738,40479.1049,2,0,0,8,1,1,1,1,1,0,0,0,0,0,0,0,0,0,0,0,0,0,0,0,0,0,0,0,1,2.5533013,0.049284,0.01343335,0.25738
5712810,-0.99566,3.83318,8.171,184.57465,32499.5293,3,0,0,14,3,1,3,0,0,0,0,0,0,0,0,0,0,0,0,0,0,0,0,0,0,1,0,0,2,3.5245472,0.192019,0,0.06068
57165299,-1.10698,3.215195,0.894,205.56594,54088.19265,1,0,0,8,2,0,1,2,0,0,0,0,0,0,0,0,0,0,0,0,0,0,0,0,0,0,0,0,1,1.6558136,0.007701,0.0111726,0.372127
57239119,-1.84502,3.38725,3.764,209.90214,67418.54307,1,0,0,9,3,3,1,1,0,0,0,0,0,0,0,0,0,0,0,0,0,1,0,0,0,0,0,0,1,2.6302767,0.138042,0.00306692,0.126191
57346323,-2.11785,3.73112,5.673,162.97819,16592.44397,2,0,0,14,1,2,0,0,1,0,0,0,0,0,0,0,0,0,0,0,0,0,0,0,0,0,1,0,2,2.136664,0.010791,0,0.178088
57347410,-1.73413,3.80115,5.844,114.77238,8278.08603,0,0,0,3,3,1,2,5,1,0,0,0,0,0,0,0,0,0,0,0,0,0,0,0,0,0,0,0,0,2.5685647,0.092276,0.00177665,0.117517
57355993,-2.36381,3.6045,3.966,124.72567,14152.90443,1,0,0,8,1,2,0,5,1,0,0,0,0,0,0,0,0,0,1,0,0,0,0,0,0,0,0,0,2,2.311,0.067819,0.01427244,0.11252
57357383,-1.78474,3.278955,6.105,145.50401,-3393.40823,3,0,0,14,3,0,4,0,0,1,0,0,0,0,0,0,0,0,0,0,0,0,0,0,0,1,0,0,2,2.4352083,0.140927,0.03688872,0.204689
57375445,-0.93064,2.85769,0.003,207.77583,-8450.52113,1,0,0,8,1,2,0,0,1,0,0,0,0,0,1,0,0,0,0,0,0,0,0,0,0,0,0,0,1,2.1965994,0.208352,0.10483267,0.483425
57730924,-1.5704,3.312105,4.038,149.81481,14945.09113,2,0,0,11,0,0,0,0,0,0,0,0,0,0,0,0,0,0,0,0,0,0,0,0,0,0,0,0,2,1.6590149,0.065848,0.01606149,0.191413
578523,-1.03732,3.860835,3.638,126.64744,13886.45252,1,1,0,13,1,3,0,0,1,0,0,0,0,0,0,0,0,0,0,0,0,0,0,0,0,0,0,0,1,2.1744364,0.002642,0,0.091595
58175310,-0.81881,3.46208,1.414,196.06706,31127.99945,2,0,1,13,2,1,2,0,0,0,0,0,0,0,0,0,0,0,0,0,0,1,0,0,0,0,0,0,1,2.5866383,0.064687,0.04017021,0.325805
58266,-1.31667,3.7505,4.057,186.23465,11635338.95,2,0,1,13,2,1,2,0,0,0,0,0,0,0,0,0,0,0,0,0,0,1,0,0,0,0,0,0,1,3.2508836,0.139216,0,0.124272
583362,-1.89126,3.604585,4.18,128.01464,16540.49452,1,0,0,9,3,0,4,1,0,0,0,0,0,0,0,0,0,0,0,0,0,2,0,0,0,0,0,0,1,2.743225,0.065429,0.03063273,0.264987
58382228,-1.65067,3.16969,10.175,226.51285,136191.6198,0,0,0,1,1,0,0,4,0,0,0,0,0,0,0,0,0,0,0,0,0,0,0,0,0,0,0,0,0,2.2187115,0.10784,0,0.11612
585734,-1.29326,3.99623,1.423,92.74836,8954.79549,2,0,0,8,2,0,2,2,0,0,1,0,0,0,0,0,0,0,0,0,0,1,0,0,0,0,0,0,2,3.4780668,0.175953,0.01369214,0.059816
589455,-2.079,3.53652,3.815,149.61036,7547.68876,3,0,0,12,1,0,1,2,0,0,0,0,0,0,0,0,0,0,0,0,0,0,0,0,0,1,0,0,1,2.7546239,0.036803,0.00653486,0.125346
589861,-1.56146,3.687665,4.348,160.52544,16955.15975,1,0,0,7,1,0,2,5,0,0,0,0,0,0,0,0,0,0,0,0,0,0,0,0,0,0,0,0,1,2.980665,0.000217,0.07260333,0.270471
59003454,-1.88308,2.8054,8.618,240.85327,125156.6146,3,0,0,14,3,0,4,0,0,1,0,0,0,0,0,0,0,0,0,0,0,0,0,0,0,1,0,0,2,1.7746874,0.128289,0,0.233584
59003479,-1.77841,2.82628,5.205,251.84157,168790.3995,2,0,0,13,2,2,2,0,0,0,0,1,0,0,0,0,0,0,0,0,0,0,0,0,0,0,1,0,2,1.871548,0.202068,0,0.243314
591366,-1.40321,3.66277,4.167,111.09547,16843.92714,2,0,0,8,2,0,3,1,0,1,0,0,0,0,0,0,0,0,0,0,0,1,0,0,0,0,0,0,2,3.2124372,0.097701,0.02693799,0.138344
591590,-1.27778,3.456805,2.913,115.14719,18493.31932,2,0,1,8,3,2,4,0,0,1,1,0,0,0,0,1,0,0,0,0,0,0,0,0,0,0,0,0,0,2.9016938,0.081022,0.02794585,0.16285
59207613,-1.37731,3.58976,1.925,188.73461,21877.22558,1,0,0,14,3,4,1,0,0,0,0,0,0,1,0,0,0,0,0,0,0,0,0,0,0,0,0,0,2,2.7946156,0.121232,0.03130039,0.253247
593869,-1.26471,3.763685,5.361,161.84813,60722.41195,0,0,0,2,2,0,1,0,0,0,0,0,0,0,0,0,0,0,0,0,0,0,0,0,0,0,0,0,1,3.3073594,0.098584,0.00654956,0.076098
595458,-1.69913,3.87173,4.394,155.18334,14831.96146,0,0,0,3,3,3,2,7,0,0,1,0,1,0,0,0,0,0,1,0,0,0,0,0,0,0,0,0,0,2.7976889,0.014414,0.0238246,0.063465
59552306,-2.1389,3.452285,5.972,218.48188,99022.65726,0,0,0,3,3,3,2,6,0,0,1,0,1,0,0,0,0,0,1,0,0,0,0,0,0,0,0,0,0,2.462976,0.108003,0,0.257236
59601138,-1.92945,3.701375,8.442,122.92706,38605.24102,2,0,0,14,2,0,3,0,0,0,0,0,0,0,0,0,0,0,0,0,0,1,0,1,0,0,0,0,2,2.2761231,0.053873,0.03267416,0.292063
59601151,-1.63789,3.62278,8.938,166.88707,73517.98698,2,0,0,8,2,0,0,1,0,0,0,0,0,0,0,0,0,0,0,0,0,0,0,0,0,0,0,0,3,2.1563053,0.056079,0.0323434,0.303626
59779930,-1.20191,3.81289,3.153,158.04839,14730.71207,4,0,0,11,0,0,0,6,0,0,0,0,0,0,0,0,0,0,0,0,0,0,0,0,0,0,0,0,4,3.5668444,0.22092,0.04326834,0.195822
59832555,-0.87475,3.250605,6.231,175.00281,-2533.54358,4,0,0,11,0,0,0,4,0,0,0,0,0,0,0,0,0,0,0,0,0,0,0,0,0,0,0,0,4,2.0628528,0.111436,0.02547543,0.17653
599430,-1.57859,3.666455,3.802,144.20549,24692.37365,3,0,0,13,1,1,1,0,0,0,0,0,0,0,0,0,0,0,0,0,0,0,0,0,0,0,0,0,2,3.4450402,0.006111,0.02314244,0.150029
60101478,-0.80281,3.49709,2.197,191.42914,29895.27948,4,0,0,9,3,3,3,2,0,0,1,1,0,0,0,1,0,0,0,0,0,0,0,0,0,0,0,0,1,2.866297,0.117846,0.04704198,0.291779
604822,-0.61717,3.6063,3.529,171.40416,24337.73888,3,0,0,13,1,2,1,0,0,0,0,0,0,0,0,0,0,0,0,0,0,0,0,0,0,0,1,0,2,3.410797,0.087447,0,0.064641
605796,-3.0482,3.550915,3.041,220.90393,-57115.45202,0,0,0,7,7,1,1,1,0,0,1,0,0,0,0,0,1,0,0,0,0,0,0,0,0,0,0,0,3,3.3980792,1.136034,0.04225782,0.217215
606706,-0.80504,3.974575,3.485,186.4944,12822.82944,3,0,0,7,1,2,1,0,0,0,0,0,0,0,0,1,0,0,0,0,0,0,0,0,0,0,0,0,1,2.164648,0.019954,0,0.132284
607070,-1.3922,3.47606,2.076,209.53305,53119.74123,2,0,0,7,1,2,2,4,0,0,0,0,0,0,0,0,0,0,1,0,0,0,0,0,0,0,0,0,2,2.5361598,0,0.04355461,0.25564
607586,-0.83414,3.350925,5.879,193.91172,47664.1756,2,0,0,9,3,2,1,1,0,0,0,0,0,0,0,0,0,1,1,0,0,0,0,0,0,0,0,0,2,2.3363863,0.062367,0.01453132,0.149075
607778,-1.18619,3.873245,4.84,178.92999,18842.60354,0,0,0,5,5,0,2,4,0,0,0,0,0,0,0,0,0,0,0,0,0,0,0,0,0,0,0,0,0,2.0225726,0.029518,0,0.140852
609579,-0.82612,3.69865,0.897,162.92466,24780.67462,3,0,0,9,3,3,3,2,0,0,1,0,0,0,0,0,0,0,0,0,0,0,0,0,0,0,0,0,1,3.377744,0.101576,0,0.065847
610325,-1.78844,3.6837,5.472,149.13665,38001.65086,1,0,0,10,4,2,2,0,0,0,2,0,0,0,1,0,0,1,0,0,0,0,0,0,0,0,0,0,2,3.2666588,0.016588,0.02277103,0.097024
610387,-0.80926,3.522465,3.839,195.64012,43652.07578,3,0,0,12,0,2,0,1,0,0,0,0,0,0,0,0,0,2,0,0,0,0,0,0,0,0,0,0,2,3.6358468,0.09675,0.01806884,0.137837
611430,-1.7933,3.543535,5.444,178.72917,42832.06695,0,0,0,6,6,2,0,4,0,0,0,0,0,0,0,0,0,0,2,0,0,0,0,0,0,0,0,0,4,2.7376624,0.001107,0,0.20636
612231,-1.39876,3.751625,1.518,173.88439,16651.18117,3,0,0,10,4,3,1,1,0,0,1,0,0,0,1,1,0,0,0,1,0,0,0,0,0,0,0,0,3,2.0316861,0.002813,0.00447879,0.112178
615723,-0.70938,3.67845,1.777,187.32168,47348.21859,3,0,0,8,2,1,1,1,0,0,0,0,0,0,0,1,0,0,0,0,0,0,0,0,0,0,0,0,3,3.758617,0.095298,0.00784162,0.054975
616039,-0.83478,3.67343,5.373,203.93008,28826.49448,0,0,0,3,3,0,3,3,0,1,0,0,0,0,0,0,0,0,0,0,0,0,0,0,0,0,0,0,0,3.2183072,0.007067,0.01866993,0.069077
616436,-2.21305,3.299385,0.001,205.37948,28595.93148,2,0,0,10,4,3,2,0,0,0,0,1,0,2,0,1,0,0,0,0,0,0,0,0,0,0,0,0,1,2.7060443,0.655389,0.04893,0.404522
616533,-2.08433,3.731045,10.37,177.5649,36991.51525,4,0,0,8,2,3,3,1,0,0,0,0,0,0,0,1,0,0,0,0,0,0,0,0,0,0,0,0,1,3.0591193,0.315694,0.0143931,0.154172
616837,-1.37455,3.556365,3.61,211.30112,57238.96352,1,0,0,7,2,1,2,1,0,0,1,0,0,0,0,0,0,0,0,0,0,0,0,0,1,0,0,0,0,3.2309703,0.194959,0.01089878,0.109043
617148,-1.69723,3.5153,5.016,216.89363,157318.9124,0,0,0,6,6,2,0,2,0,0,0,0,0,0,0,0,2,0,0,0,0,0,0,0,0,0,0,0,3,3.1226735,0.691853,0.00173462,0.131691
617218,-0.87639,3.422915,0.827,217.21111,29484.77432,1,0,0,10,4,2,3,1,0,0,2,0,0,0,0,0,0,0,0,0,0,0,0,0,0,0,0,0,1,3.5666105,0.099273,0.02647851,0.14836
6274386,-1.03069,3.822945,5.349,179.43651,65694.86491,0,0,0,5,5,2,1,1,0,0,1,0,0,1,1,0,0,0,0,0,0,0,0,0,0,0,0,0,2,2.8519028,0.003469,0,0.116999
6397201,-0.74682,3.113655,2.406,209.22314,22970.98786,0,0,0,4,4,1,3,5,0,0,2,0,0,0,0,0,1,0,0,0,0,1,0,0,0,0,0,0,1,2.4442375,0.228376,0.05945134,0.286528
6508478,-1.38524,3.582375,4.073,213.20914,173737.8345,2,0,0,7,1,0,1,0,0,0,0,0,0,0,0,0,0,0,0,0,0,0,0,0,0,0,0,0,2,3.6773338,0.71658,0,0.070351
6537126,-0.97914,4.04573,2.984,171.08029,63725.41556,1,0,0,9,3,1,2,3,0,0,1,0,0,0,0,0,0,0,0,0,0,0,0,0,0,0,0,0,1,3.5186891,0.004167,0.00173772,0.06625
658543,-1.93155,3.473215,1.804,146.86881,14622.72636,3,1,0,13,3,1,0,1,0,0,0,0,0,0,0,0,0,0,0,0,0,0,0,0,1,0,0,0,2,2.6386456,0.08241,0.0268984,0.221528
66584625,-2.26669,3.4972,9.793,161.68792,46323.8182,6,0,0,13,1,2,0,1,0,0,0,0,0,1,0,0,0,0,0,0,0,0,0,0,0,0,0,0,3,2.0900708,0.003764,0,0.218769
66618960,-1.53454,3.092245,9.744,205.04291,46113.33321,2,0,0,10,4,2,1,1,0,0,0,0,0,1,0,0,0,0,0,0,0,0,0,0,0,0,0,0,2,1.8601774,0.350012,0.04638868,0.458113
66649132,-2.0001,3.4725,3.023,172.57218,50467.23101,6,0,0,13,1,2,0,1,0,0,0,0,0,0,0,0,0,0,0,0,0,0,0,0,0,0,1,0,3,2.5215802,0.167463,0,0.128177
66883578,-1.55628,3.25721,2.583,200.44927,91469.00601,0,0,0,2,2,0,3,0,0,0,0,0,0,0,0,0,0,0,0,0,0,2,0,0,0,0,0,0,1,2.4838054,0.069599,0,0.16141
66926142,-2.12302,3.30077,7.986,181.52365,39127.8664,2,0,0,9,3,1,1,1,0,0,0,0,0,0,0,0,0,0,0,0,0,0,0,0,0,0,0,0,3,2.413235,0.134042,0,0.214919
67010332,-1.77205,3.546235,7.636,185.17371,49485.33702,4,0,0,10,4,0,1,0,0,0,0,1,0,0,0,0,0,0,0,0,0,0,0,0,0,0,0,0,2,2.2253851,0.070597,0,0.199365
67040938,-2.05418,3.733215,5.58,145.43154,12158.04762,3,0,0,7,1,3,1,0,0,0,0,0,0,0,0,1,0,0,0,0,0,0,0,0,0,0,0,0,1,2.6005606,0.072566,0.02069557,0.235001
67149829,-1.10941,3.962225,1.824,175.0366,93159.58742,1,1,0,8,3,5,1,0,0,0,0,0,0,0,0,0,0,0,0,0,0,0,0,0,0,0,0,0,1,3.729918,0.662338,0,0.066271
67199051,-1.59716,3.37078,2.211,185.48635,63804.57301,0,0,0,20,0,0,1,0,0,0,0,0,0,0,0,0,0,0,0,0,0,0,0,0,0,0,0,0,3,2.5901107,0.061018,0.00352255,0.148842
67204309,-1.72022,3.45367,4.963,137.24151,37860.92961,2,0,0,8,2,2,2,0,0,0,0,1,0,0,0,0,0,0,0,0,0,0,0,0,0,0,1,0,1,2.9122227,0.188059,0,0.085334
67284390,-2.50355,3.82165,4.695,163.33482,20343.94652,1,0,0,8,1,2,0,0,1,0,0,0,0,0,1,0,0,0,0,0,0,0,0,0,0,0,0,0,1,2.824134,0.000694,0.01819935,0.202041
67431720,-1.74523,3.36464,1.315,203.68961,46395.66938,2,0,0,14,2,1,1,0,0,0,0,1,0,0,0,0,0,0,0,0,0,0,0,0,0,0,0,0,2,2.5066591,0.11921,0.00813467,0.241136
67432473,-1.92364,3.405735,2.222,198.1937,39943.38269,0,0,0,3,2,1,0,5,1,0,0,0,0,0,0,0,0,0,0,0,0,0,0,0,0,0,0,0,0,2.5543164,0.113009,0.00646503,0.230833
67441719,-1.11822,3.60358,1.228,138.91213,37128.95363,2,0,0,13,1,1,1,2,0,0,0,0,0,0,0,0,0,1,0,0,0,1,0,0,0,0,0,0,2,2.9055313,0.05649,0.00921628,0.094946
67538801,-1.93294,3.51777,7.034,212.09966,86782.67954,2,0,0,14,2,1,1,0,0,0,0,0,0,0,0,0,0,0,0,0,0,0,0,0,0,0,1,0,2,2.6597864,0.14125,0.01045183,0.171173
67620531,-3.29267,3.7241,2.946,161.80676,26470.19217,0,0,0,15,0,0,1,0,0,0,0,0,0,0,0,0,0,0,0,0,0,0,0,0,0,0,0,0,2,2.6902097,0.01191,0.01781413,0.238934
67644862,-1.79963,3.65493,6.354,100.4255,12677.05636,0,0,0,3,3,4,2,0,0,0,0,0,0,0,0,0,0,0,0,0,0,0,0,0,0,0,0,0,1,1.938512,2.5E-05,0,0.080403
67673891,-1.38257,3.67647,5.259,113.0903,23512.63785,0,0,0,15,0,3,1,0,0,0,0,0,0,0,0,0,0,0,0,0,0,0,0,0,0,0,0,0,2,2.3443488,0.000139,0,0.074497
67701930,-2.06104,3.495115,3.457,171.55515,72293.55898,3,0,0,9,3,3,3,1,0,0,0,0,0,0,0,2,0,0,0,0,0,1,0,0,0,0,0,0,1,2.3498724,0.114358,0.01809213,0.162124
67717966,-3.56221,3.29765,5.355,211.95081,27019436.88,2,0,0,9,3,3,1,0,0,0,0,0,0,0,0,1,0,0,0,0,0,0,0,0,0,0,0,0,1,2.0808896,0.0471,0.00177381,0.225057
677294,-1.15079,3.642525,3.57,186.65387,70447.63941,0,0,0,1,1,3,3,6,0,0,0,0,0,0,0,0,0,0,1,0,0,1,0,0,0,0,0,0,1,3.1323885,0.000116,0,0.059811
67749670,-1.38855,3.394035,3.853,203.61632,109002.1412,2,0,0,10,4,0,1,0,0,0,1,0,0,0,0,0,0,0,0,0,0,0,0,0,0,0,0,0,2,2.5750444,0.01726,0.01713028,0.177156
67807885,-1.80304,3.45407,1.781,216.02639,108525.7845,2,0,1,13,2,1,2,0,0,0,0,0,0,0,0,0,0,0,0,0,0,1,0,0,0,0,1,0,1,2.6958709,0.066061,0.00330615,0.135375
67809043,-1.99645,3.738,4.074,181.98209,37212.19993,3,0,0,7,1,2,3,5,0,0,0,0,0,0,0,0,0,0,0,0,0,0,2,0,0,0,0,0,1,1.4969118,0.00046,0,0.23944
67851473,-2.08242,3.544065,2.999,151.36727,19141.17302,3,0,0,14,2,0,3,0,0,0,0,0,0,0,0,0,0,0,0,0,0,1,1,0,0,0,0,0,2,2.5806738,0.123916,0.0194631,0.255841
67903373,-2.20935,3.58928,7.087,167.10946,15564.97187,2,0,0,9,3,2,3,0,0,0,0,0,0,0,0,0,0,0,0,0,0,1,0,0,0,0,0,0,2,2.6529207,3E-05,0,0.167022
67904080,-2.19413,3.501925,8.932,128.91169,27052.79162,4,0,1,7,2,2,1,2,0,0,0,0,1,0,0,0,0,0,0,0,0,0,0,0,0,0,0,0,2,2.645611,4.8E-05,0,0.154707
68139523,-1.1359,3.22226,4.419,187.68525,32333.1437,3,0,0,8,2,1,4,0,0,0,0,0,0,0,0,0,0,0,0,0,0,1,2,0,0,0,0,0,1,2.083019,0.115432,0.0446322,0.389841
68190969,-1.28375,3.697925,5.268,191.3515,20503.74194,4,0,0,7,1,2,0,1,0,0,0,0,0,0,0,0,0,0,0,0,0,0,0,0,0,0,0,0,1,2.4413536,0.010806,0,0.067497
68312326,-1.46098,3.746655,3.66,180.40862,76517.24193,0,0,0,5,5,2,0,1,0,0,0,0,0,1,0,0,0,0,0,0,0,0,0,0,0,0,0,0,2,3.391449,0.643526,0.01400497,0.107819
68326264,-2.07311,3.35184,5.997,185.25089,8462.39183,4,0,0,7,1,3,0,1,0,0,0,0,0,0,0,0,0,0,0,0,0,0,0,0,0,0,0,0,1,2.2590099,0.010254,0,0.275962
68504271,-1.35283,3.303875,3.802,188.24621,16906.44623,2,0,0,7,1,2,1,0,0,0,0,0,0,0,0,0,0,0,0,0,0,0,0,0,0,0,0,0,2,2.1751394,0.055105,0.0236267,0.182831
68549496,-2.46403,3.586705,5.902,172.70752,57004.42134,2,0,0,10,4,1,2,1,0,0,1,1,0,0,0,0,1,0,0,0,0,0,0,0,0,0,0,0,2,2.7375956,0.195887,0.01429443,0.243553
68553702,-2.87178,3.47383,3.135,206.13777,61315.73687,0,0,0,14,0,1,1,0,0,0,0,0,0,0,0,0,0,0,0,0,0,0,0,0,0,0,0,0,1,2.5106841,0.133534,0,0.198288
68665016,-1.59515,3.295055,2.788,215.89615,96598.42203,0,0,0,5,5,1,1,1,0,0,0,0,0,1,0,0,0,0,0,0,0,0,0,0,0,0,0,0,1,2.499762,0.111359,0.01286079,0.222052
68680161,-2.90925,3.81721,5.049,122.85156,16538.87749,0,0,0,4,4,2,0,0,0,0,0,0,0,0,0,0,0,0,0,0,0,0,0,0,0,0,0,0,0,2.6892761,0.000444,0.02093069,0.227798
68699715,-0.95838,3.595445,2.265,110.74221,17328.2953,0,0,0,14,0,2,1,0,0,0,0,0,0,0,0,0,0,0,0,0,0,0,0,0,0,0,0,0,1,2.4640364,0.031375,0,0.082123
68768291,-1.67994,3.456015,5.02,185.48172,50372.52842,0,0,0,4,4,3,1,0,0,0,0,0,0,0,0,0,0,0,0,0,0,0,0,0,0,0,0,0,1,2.6753903,0.045535,0.00276768,0.113639
68769801,-0.19066,4.000745,3.125,167.73484,16619.19533,0,0,0,6,6,2,0,1,0,0,0,0,0,2,0,0,0,0,0,0,0,0,0,0,0,0,0,0,2,3.3513933,0.024802,0.22340324,0.496994
68790624,-2.06656,3.53645,10.851,147.61997,37639.96424,2,0,0,11,0,2,0,3,0,0,0,0,0,0,0,0,0,0,0,0,0,0,0,0,0,0,0,1,2,2.6286482,0.000289,0,0.14805
68927547,-1.97459,3.548855,2.579,188.421,51547.98384,3,0,0,7,1,2,1,0,0,0,0,0,0,0,0,1,0,0,0,0,0,0,0,0,0,0,0,0,1,2.5847246,0.062656,0,0.158522
68931483,-2.02758,3.404695,3.808,155.12173,46826.65815,4,0,0,10,4,0,2,0,0,0,1,1,0,0,0,0,0,0,0,0,0,0,0,0,0,0,0,0,3,2.6928607,0.085907,0.01799827,0.200748
68945229,-1.35062,3.427855,2.16,183.14446,38982.80545,0,0,0,0,0,1,0,2,0,0,0,0,0,0,0,0,0,0,0,0,0,0,0,0,0,0,0,0,0,2.5275314,0.083681,0.02684177,0.24776
68973634,-2.24255,3.536145,4.317,204.09773,90135.27444,0,0,0,6,6,2,1,0,0,0,1,0,0,0,0,0,0,0,0,0,0,0,0,0,0,0,0,0,2,2.6471793,0.1166,0,0.167163
69017646,-2.73595,3.762075,7.505,127.97643,12548.46494,2,0,0,6,0,2,1,0,0,0,0,0,0,0,0,0,0,0,0,0,0,0,0,0,0,0,0,0,2,2.5498467,0.001727,0.02526759,0.222727
69037744,-2.19343,3.69073,2.524,169.52103,19167.58785,2,0,1,9,4,6,2,2,0,0,0,0,0,0,0,1,0,0,0,0,0,0,0,0,0,0,0,0,0,2.5353873,0.071415,0.02053137,0.240259
69118468,-1.11491,3.481385,5.059,172.41138,72310.50891,2,0,0,9,3,2,4,0,0,0,1,0,0,0,0,1,0,0,0,0,0,1,0,0,0,0,0,0,1,2.6867306,0.090362,0,0.122836
69165388,-1.55333,3.54671,4.766,208.10552,42852.4363,1,0,0,14,3,2,1,0,0,0,0,0,0,0,0,0,0,0,0,0,0,0,0,0,0,0,0,0,2,2.5265741,0.057096,0.01150373,0.240983
69187757,-3.20661,3.086125,4.315,248.28986,-81123.08187,2,0,0,7,1,1,1,3,0,0,0,0,0,0,0,0,0,0,0,0,0,0,0,0,0,0,0,0,1,2.1691181,0.185994,0.04839466,0.397557
69288401,-0.23232,3.286405,2.883,152.85258,28513.73725,1,0,0,9,3,1,2,1,0,0,0,0,0,0,0,0,0,0,0,0,0,1,0,0,0,0,0,0,1,2.7756025,0.12565,0.0315268,0.11744
69494906,-0.38533,3.472635,3.341,209.71154,44347.30408,3,0,0,17,1,0,0,1,0,0,0,0,0,0,0,0,0,0,0,0,0,0,0,0,0,0,0,0,4,2.8753799,0.061217,0,0.127994
69504,-1.52774,3.593265,3.623,190.18003,30143.29899,2,0,1,8,3,3,2,3,0,0,0,0,0,0,0,1,0,0,0,0,0,0,0,0,0,0,0,0,0,3.2077928,0.001055,0.01840298,0.146811
69543578,-2.59432,3.48369,4.045,186.39143,33082.50822,0,0,0,6,6,0,6,0,0,2,1,0,0,0,0,0,0,0,0,0,0,2,0,0,0,0,0,0,0,2.4071316,0.041287,0.01734421,0.24996
69598240,-1.23715,3.319965,3.535,190.89103,32954.30243,1,0,0,8,2,0,3,0,0,0,0,0,0,0,0,0,0,0,0,0,0,2,0,0,0,0,0,0,1,2.9041693,0.114213,0.03350687,0.174685
69598332,-1.52764,3.31319,4.944,186.46912,35541.88881,0,0,0,3,3,2,1,6,0,0,0,0,1,0,0,0,0,0,1,0,0,0,0,0,0,0,0,0,0,2.6233134,0.096805,0,0.171709
69598380,-1.15349,3.303185,3.689,189.1702,34848.94536,0,0,0,5,5,2,0,6,0,0,0,0,0,1,0,0,0,0,0,0,0,0,0,0,0,0,0,0,2,2.7108126,0.180513,0.038266,0.258142
69598404,-1.35006,3.393285,5.542,168.75539,26729.10917,0,0,0,3,3,0,3,2,0,1,0,0,0,0,0,0,0,0,0,0,0,0,0,0,0,0,0,0,2,2.7889522,0.207196,0.02594619,0.223213
69598413,-1.12324,3.32684,3.211,149.58276,21888.88533,6,0,0,12,0,3,0,0,0,0,0,0,0,0,0,0,0,0,0,0,0,0,0,0,0,0,0,0,2,2.7122679,0.178414,0.04024797,0.28325
69598451,-1.38171,3.25778,4.389,171.90769,27082.36406,1,0,0,8,3,1,1,2,0,0,0,0,0,0,0,0,1,0,0,0,0,0,0,0,0,1,0,0,0,2.7032745,0.150328,0.03943216,0.304167
69598491,-1.22797,3.434665,6.096,186.27487,33699.623,4,1,0,13,2,4,0,0,0,0,0,0,1,0,0,0,0,1,0,0,0,0,0,0,0,0,0,0,1,2.9438122,0.14951,0.02157069,0.159651
69598494,-1.42984,3.29349,1.812,187.66256,34947.77235,2,0,0,10,4,2,1,1,0,0,0,0,0,1,0,0,0,0,0,0,0,0,0,0,0,0,0,0,2,2.8447128,0.075985,0.02088668,0.125464
69598514,-1.61726,3.37827,4.029,179.87937,34127.90235,0,0,0,4,4,3,3,1,0,0,0,0,0,0,0,0,0,0,0,0,0,1,0,0,0,0,0,0,0,2.7599074,0.164367,0.03095712,0.27059
69598516,-1.71964,3.35682,5.668,159.61084,35851.45292,1,0,0,15,4,0,2,0,0,0,2,0,0,0,0,0,0,0,0,0,0,0,0,0,0,0,0,0,3,2.4964717,0.128195,0.02275926,0.217565
69598529,-1.34018,3.363115,1.48,185.99616,34504.15594,4,0,0,13,1,0,1,0,0,0,0,0,0,0,0,0,0,0,0,0,0,1,0,0,0,0,0,0,2,2.6658006,0.175009,0.03878654,0.278696
69598530,-1.3492,3.271365,4.957,182.1307,34985.13639,1,0,0,10,4,2,0,1,0,0,0,0,0,0,0,0,1,0,0,0,0,0,0,0,0,0,1,0,1,2.6715644,0.157005,0.03232411,0.286455
69598584,-1.18834,3.42164,2.264,168.8077,31500.09127,1,0,0,9,3,1,0,4,0,0,0,0,0,0,0,0,1,0,0,0,0,0,0,0,0,0,0,0,1,2.6852588,0.165979,0.02985574,0.243284
69598602,-1.46532,3.143535,4.181,186.05313,70091.00254,1,0,0,10,4,3,0,1,0,0,0,0,0,0,0,0,1,0,0,0,0,0,0,0,0,0,0,0,1,2.5682155,0.289421,0.02551339,0.266417
69598642,-1.23438,3.388175,6.122,176.36584,25499.46734,1,0,0,7,2,1,2,1,0,0,0,0,0,0,0,0,0,0,0,0,0,1,0,0,1,0,0,0,0,2.980158,0.176087,0.02291669,0.191797
69705085,-2.70728,3.39125,4.095,185.12516,4042391.074,0,0,0,5,5,3,1,0,0,0,0,0,0,0,0,0,1,0,1,0,0,0,0,0,0,0,0,0,2,2.7104613,0.282662,0,0.226751
69705735,-2.50603,3.65634,5.484,167.40437,45024.62348,0,0,0,8,8,3,2,0,0,0,1,0,1,0,0,0,0,0,1,0,0,0,0,0,0,0,0,0,3,2.7972461,0.017493,0,0.170585
69714344,-1.58135,3.65904,4.779,140.33222,30571.58521,0,0,0,7,7,1,1,1,0,0,1,0,0,0,0,0,1,0,0,0,0,0,0,0,0,0,0,0,3,2.4767376,0.002916,0,0.067056
69764492,-1.55751,3.910265,3.755,170.55796,37986.21507,4,0,0,7,1,3,0,1,0,0,0,0,0,0,0,0,0,0,0,0,0,0,0,0,0,0,1,0,2,3.6346124,0.487992,0.00588752,0.058396
69807665,-1.73015,3.28407,5.818,187.39058,78290.2132,4,0,0,7,1,3,1,1,0,0,0,0,0,0,0,0,0,0,0,0,0,0,0,1,0,0,0,0,1,2.5164898,0.295365,0,0.17902
69845,-1.31298,3.63308,2.742,122.15912,35524.67819,0,0,0,19,1,2,0,0,0,0,0,0,0,0,0,0,0,0,0,0,0,0,0,0,0,0,0,0,4,3.0568409,0.10169,0.02967617,0.12532
69914480,-2.19925,3.47157,7.477,170.9352,111070.9217,2,0,0,16,0,0,0,1,0,0,0,0,0,0,0,0,0,0,0,0,0,0,0,0,0,0,0,0,3,2.5513749,0.10104,0,0.240349
69914635,-1.96055,3.60797,9.317,168.68553,79043.13729,2,0,0,9,3,0,0,2,0,0,0,0,0,0,0,0,0,0,0,0,0,0,0,0,0,0,0,0,3,2.6998203,0.074682,0,0.228941
69915948,-2.30941,3.626635,4.574,164.84079,91596.20571,4,0,0,9,3,4,0,2,0,0,0,0,0,0,0,0,0,0,0,0,0,0,0,0,0,0,1,0,1,2.5953067,0.073919,0,0.245951
69930327,-1.60654,3.305045,3.557,212.83494,76435.54325,2,0,0,9,3,1,0,2,0,0,0,0,0,0,0,0,0,0,0,1,0,0,0,0,0,0,0,0,1,2.5588109,0.23726,0.01434574,0.254539
699723,-0.82983,3.58761,2.787,187.35419,31488.23155,7,0,0,12,0,3,1,1,0,0,0,0,0,0,0,0,0,0,0,0,0,0,0,1,0,0,0,0,2,3.8076333,0.330066,0.00981402,0.087336
69989671,-2.52583,3.56993,2.181,110.83105,11159.2005,4,0,0,11,0,4,0,4,0,0,0,0,0,0,0,0,0,0,0,0,0,0,0,0,0,0,0,1,2,2.3242521,0.062014,0,0.07061
70026142,-1.60542,3.24221,3.161,197.05545,89251.737,2,0,0,6,1,0,1,9,0,0,0,0,0,0,0,0,0,0,0,0,0,0,0,0,0,1,0,0,2,2.5809764,0.102449,0.01060163,0.144165
70036914,-2.43304,3.464485,1.941,197.17134,826142.035,2,0,0,10,4,2,2,2,0,0,0,2,0,0,2,0,0,0,0,0,0,0,0,0,0,0,0,0,3,2.32985,0.001865,0.01299956,0.222059
70098456,-2.39614,3.81477,6.693,137.75595,14323.0089,0,0,0,5,5,2,1,2,0,0,1,0,0,2,0,0,0,0,0,0,0,0,0,0,0,0,0,0,0,2.7016283,0.001465,0,0.183496
70123457,-2.54822,3.853605,4.049,99.74631,7270.35101,0,0,0,5,5,2,1,5,0,0,1,0,0,2,0,0,0,0,0,0,0,0,0,0,0,0,0,0,0,2.5889994,0.00049,0,0.2213
70148323,-2.05463,3.656045,5.449,181.06655,7362.94885,2,0,0,8,2,1,2,2,0,0,0,0,0,0,0,0,0,0,0,0,0,0,0,0,0,0,0,0,2,2.4907771,0.033456,0,0.13152
70196944,-0.87776,3.568965,2.121,164.55521,38708.78172,2,0,0,14,2,1,2,1,0,0,0,0,0,0,0,0,0,0,0,0,0,1,0,0,0,0,1,0,2,2.9074237,0.076075,0,0.085708
70233593,-1.55122,3.27222,3.339,189.50205,70586.87199,2,0,0,8,1,1,0,2,1,0,0,0,0,0,0,0,0,0,0,0,0,0,0,0,0,0,0,0,1,2.5074318,0.227795,0.0142757,0.238455
70253387,-1.80137,3.48093,4.2,188.92239,33346.34885,2,0,0,13,2,0,3,0,0,0,0,0,0,0,0,0,0,0,0,0,0,1,0,0,0,1,0,0,1,3.8147174,0.140959,0,0.172849
70257494,-2.4497,3.52095,7.634,156.49874,38100.91491,2,0,0,7,1,1,0,3,0,0,0,0,0,0,1,0,0,0,0,0,0,0,0,0,0,0,0,0,1,2.8074005,0.095297,0,0.154764
70410425,-0.98491,3.365285,2.255,143.82284,13921.26679,0,0,0,7,7,1,2,0,0,0,1,0,0,0,0,0,1,0,0,0,0,1,0,0,0,0,0,0,3,2.9098476,0.156638,0.06529155,0.290251
70443878,-1.8261,3.694345,4.181,121.48455,20657.29144,1,0,0,9,4,3,0,0,0,0,0,0,0,0,0,0,0,0,0,0,0,0,0,0,1,0,0,0,0,2.2375449,0.011049,0.04472515,0.411245
70470509,-2.03914,3.495715,4.297,181.041,19346.04051,0,0,0,5,5,3,3,0,0,0,0,0,0,0,0,0,0,0,0,0,0,0,0,0,0,0,0,0,1,2.5764085,0.073314,0.02065307,0.23464
70499014,-1.77557,3.5057,4.36,171.67612,21631.64298,1,0,0,14,3,2,1,0,0,0,0,0,0,0,0,0,0,0,0,0,0,0,0,0,0,0,0,0,2,3.3214997,0.029683,0.02276311,0.233475
70507279,-1.09202,3.37722,2.945,142.71136,20542.49225,0,0,0,4,4,0,2,2,0,0,1,0,0,0,0,0,0,0,0,0,0,0,0,0,0,0,0,0,1,2.6869466,0.06897,0.02662303,0.271097
70536460,-2.27473,3.197875,7.116,192.57625,20220.87569,3,0,0,7,1,3,1,5,0,0,0,0,0,0,0,0,0,0,0,1,0,0,0,0,0,0,0,0,2,2.4803105,0.250799,0.04528827,0.369549
70541151,-1.82889,3.704925,6.175,174.83199,14054.03084,2,0,0,14,3,2,2,0,0,0,1,1,0,0,2,0,0,0,0,0,0,0,0,0,0,0,0,0,3,2.5614972,0.077434,0.0200965,0.229788
70587616,-0.95866,3.52102,1.153,222.84767,36534.03604,2,0,0,8,2,1,1,1,0,0,0,0,0,0,0,0,0,0,0,0,0,0,0,0,0,0,0,0,1,2.0681326,0.030037,0.17549733,0.422732
70588177,-1.40759,3.480685,7.067,142.1329,20243.88334,0,0,0,5,5,0,6,3,0,1,0,0,0,0,0,0,0,0,0,0,0,3,0,0,0,0,0,0,1,2.1003706,0.022691,0.01975949,0.289513
70616162,-1.14257,3.429725,10.494,141.65351,-33348.70251,0,0,0,1,1,1,2,2,0,0,0,0,0,0,0,0,1,0,0,0,0,2,0,0,0,0,0,0,1,1.9339301,1E-06,0,0.394862
70616844,-0.85304,3.875455,3.38,184.15493,19968.67049,3,0,0,13,1,4,1,0,0,0,0,0,0,0,0,0,0,0,0,0,0,0,0,0,0,0,1,0,2,3.1032876,0.162151,0.05254922,0.212047
70631747,-1.66263,3.49414,5.041,146.02959,17997.47344,1,0,0,9,3,0,4,1,0,0,0,0,0,0,0,0,0,0,0,0,0,2,0,0,0,0,0,0,1,0.8576219,0.013612,0.00221784,0.261751
71057928,-1.15623,3.336435,1.875,206.17343,23719.34957,3,0,0,10,4,2,5,1,0,1,0,0,0,0,0,0,0,0,0,0,1,0,0,0,0,0,0,0,1,2.889593,0.259593,0.06240183,0.386661
71147947,-0.72842,3.755035,1.018,179.91458,20876.10453,0,0,0,4,4,2,2,0,0,0,2,0,0,0,2,0,0,0,0,0,0,0,0,0,0,0,0,0,1,3.3912182,0.129993,0,0.1592
71322261,-0.48518,3.21731,2.195,197.90318,-4388.31366,2,0,0,13,3,4,1,0,0,0,1,0,0,0,0,0,0,0,0,0,0,0,0,0,0,0,0,0,0,2.575659,0.158863,0.05195193,0.21536
71328571,-1.84273,3.467645,4.148,185.55445,29292.44079,1,0,1,11,6,6,0,0,0,0,0,0,0,2,0,0,0,0,0,0,0,0,0,0,0,0,0,0,1,2.7925375,0.186467,0.04418491,0.363953
71356321,-1.7909,3.334925,6.892,184.48056,17644.32259,0,0,0,4,4,2,3,3,0,1,1,0,0,0,1,0,1,0,0,0,0,0,0,0,0,0,0,0,1,2.3191385,0.35958,0.04365573,0.392317
71401547,-1.70713,3.5703,4.305,145.58638,15265.46142,2,0,0,8,2,3,0,1,0,0,0,0,0,1,0,0,0,0,0,0,0,0,0,0,0,0,0,0,2,2.6354814,0.000683,0.03457734,0.324142
71403973,-0.75501,3.412365,2.618,141.88067,13359.68229,3,0,0,7,1,3,1,5,0,0,0,0,0,0,0,0,1,0,0,0,0,0,0,0,0,0,0,0,2,2.2670825,0.07146,0.04046463,0.252434
71404880,-1.78724,3.303235,4.652,107.50349,24838.91838,4,0,0,7,1,3,1,1,0,0,0,0,0,0,0,1,0,0,0,0,0,0,0,0,0,0,0,0,1,2.1218502,0.000136,0,0.148634
714741,-1.66971,3.80879,6.448,191.37545,63078.25651,1,0,0,13,2,2,1,0,0,0,0,0,0,0,1,0,0,0,0,0,0,0,0,0,0,0,0,0,2,3.0673566,0.000769,0,0.053363
71664712,-1.68894,3.74914,4.488,179.84963,29961.43178,2,0,0,7,1,1,0,7,0,0,0,0,0,0,0,0,1,0,0,0,0,0,0,0,0,0,0,0,2,2.4425705,0.001062,0,0.05064
722904,-1.55314,3.74861,6.716,173.6308,85462.34148,0,0,0,1,0,2,0,8,1,0,0,0,0,0,0,0,0,0,1,0,0,0,0,0,0,0,0,0,1,3.6312677,0.669311,0,0.052885
722939,-1.22252,3.651885,2.9,201.63978,42869.93216,0,1,0,15,1,2,2,1,0,0,0,0,0,0,0,0,0,0,0,0,0,0,0,0,0,0,0,0,1,3.4004844,0.079263,0.00794036,0.057737
72725,-1.7342,3.49058,2.566,191.52529,80588.44204,3,0,0,13,1,3,1,0,0,0,0,0,0,0,0,0,0,0,0,0,0,0,0,0,0,0,2,0,2,3.0843695,0.044405,0.01837799,0.146659
73674759,-2.25442,3.4269,7.001,202.65134,43530.58607,0,0,0,6,6,0,2,0,0,0,2,0,0,0,0,0,0,0,0,0,0,0,0,0,0,0,0,0,2,2.7398685,0.23689,0.02904133,0.387359
73697,-3.24397,3.494935,0.694,215.65821,-89902.64052,3,0,0,9,3,2,3,0,0,0,0,0,0,0,0,0,0,0,0,0,1,0,0,0,0,0,0,0,1,3.4305554,1.312297,0.05391142,0.248162
737312,-0.88342,3.58013,5.105,126.51029,17524.09558,0,0,0,3,3,2,0,1,0,0,0,0,0,1,1,0,0,0,0,0,0,0,0,0,0,0,0,0,0,3.2301086,2.1E-05,0,0.055006
738092,-1.1362,3.621875,4.884,181.69839,35321.64909,2,0,0,10,4,2,1,0,0,0,1,0,0,0,2,0,0,0,0,0,0,0,0,0,0,0,0,0,2,3.1808287,0.222296,0.01510917,0.070592
74995,-1.10726,3.54384,6.87,207.96039,79942.203,0,0,0,7,7,1,1,0,0,0,1,0,0,0,0,0,1,0,0,0,0,0,0,0,0,0,0,0,3,3.2135928,0.8167,0.02112691,0.194394
755456,-1.74316,3.428195,1.921,184.00542,16642.55226,2,0,0,10,4,2,1,2,0,0,0,0,0,0,0,0,0,0,0,0,0,0,0,0,0,0,0,0,3,2.7801982,0.106645,0.03250036,0.21421
759534,-0.97462,3.579715,4.039,213.49391,41711.8233,2,0,0,10,4,3,1,1,0,0,0,0,0,1,0,0,0,0,0,0,0,0,0,0,0,0,0,0,2,3.3052152,0.086861,0.00792518,0.057006
76137,-1.52245,3.58155,2.362,183.40745,36945.90877,4,0,0,11,5,3,1,0,0,0,0,0,0,1,0,0,0,0,0,0,0,0,0,0,0,0,0,0,3,3.1821421,0.008012,0,0.162674
76138,-1.38575,3.50414,2.42,174.99194,39749.40984,3,0,0,10,4,3,2,0,0,0,0,0,0,0,0,0,0,0,0,0,0,0,0,0,0,0,0,0,2,3.2385975,0.100457,0,0.154494
771515,-1.01577,3.533335,4.787,181.14939,28256.87494,3,0,0,8,2,0,5,0,0,0,0,0,0,0,0,0,0,0,0,0,0,2,2,0,0,0,0,0,1,3.447128,0.157638,0.00661673,0.05496
791072,-1.37753,3.58794,4.14,179.80669,77530.31633,0,0,0,4,4,4,1,4,0,0,0,0,0,2,0,0,1,0,0,0,0,1,0,0,0,0,0,0,2,3.026183,0.249704,0,0.14629
794762,-1.56633,3.639155,4.163,219.07496,146058.0942,4,1,0,11,0,4,3,2,0,0,0,0,0,0,0,1,0,0,0,0,0,0,1,2,0,0,0,0,2,3.3657038,0.932076,0.01738204,0.149937
799128,-1.62312,3.450555,3.017,196.5368,53148.15142,6,0,0,7,1,2,4,3,0,0,0,0,0,0,0,0,0,0,0,0,0,1,1,2,0,0,0,0,2,2.8211238,0.466587,0.02177255,0.209368
82430,-1.81023,3.873625,3.777,146.27525,72523.53181,1,0,0,10,4,3,2,1,0,0,0,0,0,1,0,0,0,0,0,0,0,0,0,0,0,0,0,0,1,2.8980996,0.660436,0,0.057947
825150,-1.65018,3.73193,1.233,173.87535,19816081.63,3,0,0,13,2,4,1,0,0,0,0,0,0,0,0,0,0,0,0,0,0,0,0,0,0,0,1,0,1,3.4307111,0.152105,0.02310988,0.118155
83107,-0.76077,3.541065,1.861,213.69914,51570.28096,3,0,0,14,2,1,2,0,0,0,0,0,0,0,0,1,0,0,0,0,0,1,0,0,0,0,0,0,2,3.7018693,0.046051,0.01718304,0.116231
840971,-0.74939,3.708415,1.363,174.12526,35106.22674,3,0,0,10,4,2,1,0,0,0,1,0,0,0,1,1,0,0,0,0,0,0,0,0,0,0,0,0,2,3.9963396,0.026758,0.01138679,0.085007
84195,-1.95873,3.73629,4.064,155.34548,23021.24002,0,0,0,5,5,3,2,4,0,1,0,0,0,1,0,0,0,0,0,0,0,0,0,0,0,0,0,0,0,2.6675971,0.002474,0,0.177284
84367,-1.65864,3.69434,7.433,147.28895,35793.7948,2,0,0,7,1,2,1,0,0,0,0,0,0,0,0,0,0,0,0,0,0,0,0,0,0,0,1,0,1,2.855091,0.000246,0,0.077329
84458,-0.75006,3.774315,1.666,217.39534,69711.83123,0,0,0,2,2,0,1,5,0,0,0,0,0,0,0,0,0,0,0,0,0,0,0,0,0,0,0,0,1,3.250058,0.282692,0,0.083318
846094,-0.95729,3.67983,0.927,131.43359,29266.58746,4,0,0,9,3,2,2,1,0,0,0,0,0,1,0,0,0,0,0,0,0,1,0,0,0,0,0,0,2,3.4927698,0.118597,0,0.060164
901478,-1.90875,3.654875,5.02,231.1926,5732443.814,4,0,0,14,2,2,2,0,0,0,0,0,0,0,0,1,0,0,0,0,0,0,0,0,0,0,1,0,2,2.6703209,0.527158,0,0.098715
90219,-1.80072,3.776575,3.085,169.29963,100842.1691,0,0,0,4,4,3,1,1,0,0,1,0,0,0,1,0,0,0,0,0,0,0,0,0,0,0,0,0,1,2.8569428,0.675313,0,0.058648
90352,-1.91372,3.63871,1.556,165.56368,86152.98195,2,0,0,6,0,5,0,0,0,0,0,0,0,0,0,0,0,0,0,0,0,0,0,0,0,0,0,0,2,2.9155294,0.001042,0,0.056309
918947,-0.5256,3.622395,3.373,137.16796,21570.91789,0,0,0,7,7,2,2,0,0,0,1,0,0,0,0,0,0,0,0,0,0,1,0,0,0,0,0,0,3,3.6681272,0.085372,0.00839479,0.058642
9204,-0.73092,3.907595,1.536,159.40059,25546.43153,2,0,0,7,1,2,1,5,0,0,0,0,0,0,0,0,1,0,0,0,0,0,0,0,0,0,0,0,2,3.2597293,0.082689,0.01163838,0.071663
921438,-0.89361,3.655875,2.72,205.82388,88025.68335,0,0,0,2,2,3,1,3,0,0,0,0,0,1,0,0,0,0,0,0,0,0,0,0,0,0,0,0,4,3.3918186,0.20258,0,0.066876
9218,-1.40925,3.926315,3.757,121.99585,13014.80903,5,1,0,12,1,2,0,3,0,0,0,0,0,1,0,0,0,0,0,0,0,0,0,0,1,0,0,0,2,3.0220346,0.078056,0.01489756,0.099195
9362,-1.58084,3.62757,0.687,170.21558,27988.12067,4,0,0,6,0,3,0,0,0,0,0,0,0,0,0,0,0,1,0,0,0,0,0,0,0,0,0,0,1,2.5042409,0,0.04584004,0.264731
94719,-1.84592,3.683355,1.762,185.1523,30039.09652,2,0,0,17,1,3,0,0,0,0,0,0,0,0,1,0,0,0,0,0,0,0,0,0,1,0,1,0,2,3.6987852,0.078578,0.0170784,0.15699
953937,-2.12318,3.52022,7.502,199.12329,38853.31053,3,0,0,11,0,1,0,3,0,0,0,0,0,0,1,0,0,0,0,0,0,0,0,0,0,0,0,0,3,3.0752667,0.105925,0,0.083618
957853,-2.21267,3.645355,6.992,192.57934,36019.14355,0,0,0,5,5,2,0,3,0,0,0,0,0,0,0,0,1,0,1,0,0,0,0,0,0,0,0,0,2,3.2493386,0.134885,0,0.083991
960719,-1.29309,3.571895,2.859,138.71521,583007.2684,2,0,0,11,0,1,2,2,0,0,0,0,0,0,0,0,0,0,0,0,0,2,0,0,0,0,1,0,3,3.0746793,0.084814,0.03231637,0.128107
963920,-1.4185,3.74756,0.795,202.19278,117671.9745,0,0,0,7,7,0,2,0,0,0,1,0,0,0,0,0,0,0,0,0,0,0,0,0,0,0,0,0,3,3.479312,0.618748,0,0.069797
98573,-2.08315,3.69567,7.814,159.78814,24342.59015,1,0,0,9,3,5,1,0,0,0,0,0,0,0,0,0,0,0,0,0,0,0,0,0,0,0,0,0,1,3.6881402,0.11987,0,0.058121
98663,-1.79245,3.663915,1.904,183.78243,32531.68744,2,0,0,13,2,0,1,0,0,0,0,0,0,0,0,0,0,0,0,0,0,0,0,0,0,0,0,0,0,3.1867688,0.001182,0.01385798,0.153267
9990547,-1.74055,3.638055,5.345,155.66991,24658.58448,2,0,0,13,2,1,3,1,0,0,1,0,0,0,0,0,0,0,0,0,0,1,0,0,0,0,1,0,3,2.2654605,0.003454,0,0.061243
